{
"type": "FeatureCollection",
"name": "iran",
"crs": { "type": "name", "properties": { "name": "urn:ogc:def:crs:OGC:1.3:CRS84" } },
"features": [
{ "type": "Feature", "properties": { "Shape_Leng": 4.3467534058900004, "Shape_Area": 0.52310940767699998, "ADM1_EN": "Alborz", "ADM1_FA": "البرز‎", "ADM1_PCODE": "IR001", "ADM1_REF": null, "ADM1ALT1EN": null, "ADM1ALT2EN": null, "ADM1ALT1FA": null, "ADM1ALT2FA": null, "ADM0_EN": "Iran (Islamic Republic of)", "ADM0_FA": "ایران (جمهوری اسلامی)", "ADM0_PCODE": "IR", "date": "2019-04-09T00:00:00", "validOn": "2019-05-14T00:00:00", "validTo": null }, "geometry": { "type": "Polygon", "coordinates": [ [ [ 50.49594280000008, 36.342214200000058 ], [ 50.649284400000056, 36.335268600000063 ], [ 50.844015600000034, 36.296376500000065 ], [ 51.201531899000031, 36.162488100000076 ], [ 51.267924300000061, 36.184158700000069 ], [ 51.315984, 36.154432600000064 ], [ 51.444875700000068, 36.149431800000059 ], [ 51.45929650000005, 36.140099500000076 ], [ 51.460432300000036, 36.081658600000026 ], [ 51.406543099000032, 35.977209 ], [ 51.416543100000069, 35.898598200000038 ], [ 51.243201700000043, 35.939977200000044 ], [ 51.092917, 35.808586600000069 ], [ 51.108259900000064, 35.751763701000073 ], [ 51.094193700000062, 35.757769300000064 ], [ 51.089009900000065, 35.742834600000037 ], [ 51.11363, 35.737524299000029 ], [ 51.114473401000055, 35.730463800000052 ], [ 51.086250500000062, 35.719982301000073 ], [ 51.027812900000072, 35.742413699000053 ], [ 50.994228500000077, 35.720944699000029 ], [ 51.00247, 35.695036900000048 ], [ 50.943591600000047, 35.723136300000078 ], [ 50.914197300000069, 35.689837001000058 ], [ 50.886519500000077, 35.714419900000053 ], [ 50.740954500000043, 35.693315299000062 ], [ 50.686646400000029, 35.670767900000044 ], [ 50.397021400000028, 35.638353600000073 ], [ 50.372267600000043, 35.618929800000046 ], [ 50.373395, 35.592249500000037 ], [ 50.353439300000048, 35.570529300000032 ], [ 50.229544200000078, 35.541361 ], [ 50.163428200000055, 35.614139900000055 ], [ 50.243710700000065, 35.64775080000004 ], [ 50.250403, 35.806938 ], [ 50.297046200000068, 35.822476400000028 ], [ 50.373161799000059, 35.898308500000041 ], [ 50.425941100000045, 36.001649600000064 ], [ 50.54733630100003, 36.018313500000033 ], [ 50.577612199000043, 36.082486700000061 ], [ 50.678174500000068, 36.115261200000077 ], [ 50.432063600000049, 36.245245100000034 ], [ 50.413497800000073, 36.309040800000048 ], [ 50.434830100000056, 36.328880900000058 ], [ 50.49594280000008, 36.342214200000058 ] ] ] } },
{ "type": "Feature", "properties": { "Shape_Leng": 10.2188898032, "Shape_Area": 1.8452730819100001, "ADM1_EN": "Ardabil", "ADM1_FA": "اردبیل", "ADM1_PCODE": "IR002", "ADM1_REF": null, "ADM1ALT1EN": null, "ADM1ALT2EN": null, "ADM1ALT1FA": null, "ADM1ALT2FA": null, "ADM0_EN": "Iran (Islamic Republic of)", "ADM0_FA": "ایران (جمهوری اسلامی)", "ADM0_PCODE": "IR", "date": "2019-04-09T00:00:00", "validOn": "2019-05-14T00:00:00", "validTo": null }, "geometry": { "type": "Polygon", "coordinates": [ [ [ 48.032058400000039, 39.69252750000004 ], [ 48.332199501000048, 39.428704401000061 ], [ 48.368622099000049, 39.379836100000034 ], [ 48.26531650000004, 39.333444500000041 ], [ 48.211088300000029, 39.328950600000042 ], [ 48.129437600000074, 39.264795500000048 ], [ 48.150283300000069, 39.198254500000075 ], [ 48.218415100000072, 39.162743900000066 ], [ 48.234978600000034, 39.129665200000034 ], [ 48.307792800000072, 39.108527200000026 ], [ 48.333222700000078, 39.021165699000051 ], [ 48.270753200000058, 38.96730180000003 ], [ 48.088234500000056, 38.946950800000025 ], [ 48.069264800000042, 38.910936800000059 ], [ 48.010269999000059, 38.907305999000073 ], [ 48.020702799000048, 38.837889800000028 ], [ 48.107108200000027, 38.788557600000047 ], [ 48.107219499000053, 38.769073800000058 ], [ 48.191813600000046, 38.756215300000065 ], [ 48.24915580000004, 38.726095900000075 ], [ 48.252657, 38.661907600000063 ], [ 48.294941900000026, 38.647319100000061 ], [ 48.320616701000063, 38.60179959900006 ], [ 48.459293200000047, 38.607687800000065 ], [ 48.464683999000044, 38.561321399000065 ], [ 48.505507800000032, 38.547000099000059 ], [ 48.513303700000051, 38.518379 ], [ 48.581520600000033, 38.462773600000048 ], [ 48.569177900000057, 38.414207900000065 ], [ 48.576678399000059, 38.356425500000057 ], [ 48.639181200000053, 38.290876500000024 ], [ 48.671684200000072, 38.289762800000062 ], [ 48.672794100000033, 38.24420230000004 ], [ 48.690017701000045, 38.222256200000061 ], [ 48.666684500000031, 38.178648800000076 ], [ 48.683074299000054, 38.152261700000054 ], [ 48.633071700000073, 38.113087500000063 ], [ 48.620572201000073, 38.013369800000078 ], [ 48.570846399000061, 37.901976800000057 ], [ 48.591959700000075, 37.803077100000053 ], [ 48.654182700000035, 37.778911600000072 ], [ 48.639463, 37.721694300000024 ], [ 48.595846900000026, 37.690583700000047 ], [ 48.625293500000055, 37.633079500000065 ], [ 48.680019800000082, 37.592800901000032 ], [ 48.675853, 37.567520800000068 ], [ 48.715299400000049, 37.474188900000058 ], [ 48.91058780000003, 37.303626100000031 ], [ 48.895308500000056, 37.225562400000058 ], [ 48.922254900000041, 37.176673700000038 ], [ 48.86975220000005, 37.14640090000006 ], [ 48.815306100000043, 37.154176100000029 ], [ 48.790026300000079, 37.139174300000036 ], [ 48.737523500000066, 37.185564100000079 ], [ 48.655854700000077, 37.129175800000041 ], [ 48.577515500000061, 37.103058700000076 ], [ 48.546402600000079, 37.135286201000042 ], [ 48.509179600000039, 37.138345799000035 ], [ 48.494456, 37.176402900000028 ], [ 48.478343199000051, 37.180839300000059 ], [ 48.478066200000058, 37.206953200000044 ], [ 48.420840200000043, 37.221953201000076 ], [ 48.416953700000079, 37.245843100000059 ], [ 48.335004300000037, 37.239454401000046 ], [ 48.335281200000054, 37.266402800000037 ], [ 48.295277800000065, 37.286404201000039 ], [ 48.260001600000066, 37.329455001000042 ], [ 48.247221600000046, 37.323903900000062 ], [ 48.225555300000053, 37.36612480000008 ], [ 48.149439100000052, 37.416124 ], [ 48.155272100000047, 37.478352400000063 ], [ 48.06082310000005, 37.514734801000031 ], [ 48.053046700000039, 37.533352500000035 ], [ 48.078879500000028, 37.56501940000004 ], [ 48.074712500000032, 37.590299500000071 ], [ 48.018876499000044, 37.61807850100007 ], [ 48.066655700000069, 37.729470401000071 ], [ 48.135271600000067, 37.75224460000004 ], [ 48.151104501000077, 37.810304100000053 ], [ 48.099158300000056, 37.852528001000053 ], [ 48.057212100000072, 37.85002890100003 ], [ 48.046655500000043, 37.871135400000071 ], [ 47.999403, 37.89495670000008 ], [ 47.977486, 37.875863300000049 ], [ 47.893036800000061, 37.868357400000036 ], [ 47.887757, 37.897804700000052 ], [ 47.937759500000027, 37.946691600000065 ], [ 47.909703200000081, 37.990864900000076 ], [ 47.862200100000052, 38.006699900000058 ], [ 47.852199699000039, 38.14669850000007 ], [ 47.787473301000034, 38.251422800000057 ], [ 47.724694200000044, 38.212255500000026 ], [ 47.617188700000042, 38.218364100000031 ], [ 47.482736600000067, 38.181979301000069 ], [ 47.468846601000052, 38.249481699000057 ], [ 47.398567700000058, 38.237812500000075 ], [ 47.287171900000033, 38.302263 ], [ 47.290781300000049, 38.331984100000057 ], [ 47.345784, 38.356979700000068 ], [ 47.46412250000003, 38.478096400000027 ], [ 47.498568200000079, 38.581158801000072 ], [ 47.568850900000029, 38.611708400000055 ], [ 47.564954, 38.642278801000032 ], [ 47.52579430000003, 38.669767700000079 ], [ 47.43578860000008, 38.700329600000032 ], [ 47.422174900000073, 38.737827300000049 ], [ 47.431344900000056, 38.756440600000076 ], [ 47.469677600000068, 38.791439601000036 ], [ 47.598019900000054, 38.818943700000034 ], [ 47.551626600000077, 38.860326600000064 ], [ 47.549683400000049, 38.888391900000045 ], [ 47.511623501000031, 38.915890200000035 ], [ 47.536346600000059, 38.950052600000049 ], [ 47.526626700000065, 38.958664500000054 ], [ 47.563016100000027, 38.977556700000036 ], [ 47.50218, 39.00005370000008 ], [ 47.523013200000037, 39.014226200000053 ], [ 47.505236600000046, 39.035331400000075 ], [ 47.523846200000037, 39.049224700000025 ], [ 47.527459400000055, 39.080615400000056 ], [ 47.497456300000067, 39.128396900000041 ], [ 47.519402300000081, 39.150896100000068 ], [ 47.507456, 39.169224500000041 ], [ 47.518569, 39.219785700000045 ], [ 47.481065800000067, 39.272564500000044 ], [ 47.50493490000008, 39.295435600000076 ], [ 47.430792500000052, 39.318637600000045 ], [ 47.439111, 39.337267100000076 ], [ 47.363399, 39.421725600000059 ], [ 47.377570100000071, 39.454904700000043 ], [ 47.562936900000068, 39.513775100000032 ], [ 47.670143, 39.578271400000062 ], [ 47.752968999000075, 39.606023 ], [ 47.80732160000008, 39.659190400000057 ], [ 47.917423100000065, 39.661499800000058 ], [ 47.982122200000049, 39.709000300000071 ], [ 48.032058400000039, 39.69252750000004 ] ] ] } },
{ "type": "Feature", "properties": { "Shape_Leng": 16.0191414164, "Shape_Area": 2.0885448212500002, "ADM1_EN": "Bushehr", "ADM1_FA": "بوشهر", "ADM1_PCODE": "IR003", "ADM1_REF": null, "ADM1ALT1EN": null, "ADM1ALT2EN": null, "ADM1ALT1FA": null, "ADM1ALT2FA": null, "ADM0_EN": "Iran (Islamic Republic of)", "ADM0_FA": "ایران (جمهوری اسلامی)", "ADM0_PCODE": "IR", "date": "2019-04-09T00:00:00", "validOn": "2019-05-14T00:00:00", "validTo": null }, "geometry": { "type": "MultiPolygon", "coordinates": [ [ [ [ 51.406262299000048, 27.917517700000076 ], [ 51.452833101000067, 27.868232500000033 ], [ 51.449199032000081, 27.847864985000058 ], [ 51.406262299000048, 27.917517700000076 ] ] ], [ [ [ 50.877618466000058, 28.99582960500004 ], [ 50.858758100000045, 28.980574500000046 ], [ 50.853847200000075, 28.987310800000046 ], [ 50.857629200000076, 28.985795499000062 ], [ 50.877618466000058, 28.99582960500004 ] ] ], [ [ [ 50.87208540000006, 29.069805900000063 ], [ 50.888926200000071, 29.065962200000058 ], [ 50.895269100000064, 29.018121 ], [ 50.872019801000079, 29.004724500000066 ], [ 50.87208540000006, 29.069805900000063 ] ] ], [ [ [ 50.282202819000076, 29.269003391000069 ], [ 50.336307701000067, 29.260188700000072 ], [ 50.323946500000034, 29.21076910000005 ], [ 50.304253120000055, 29.216316148000033 ], [ 50.282202819000076, 29.269003391000069 ] ] ], [ [ [ 50.668582100000037, 29.289104 ], [ 50.688136200000031, 29.286350600000048 ], [ 50.669165801000076, 29.275175 ], [ 50.664294199000039, 29.254367500000058 ], [ 50.668582100000037, 29.289104 ] ] ], [ [ [ 50.356755600000042, 29.341050900000027 ], [ 50.341098300000056, 29.304029699000068 ], [ 50.33320260000005, 29.29870180000006 ], [ 50.347023400000069, 29.335087 ], [ 50.356755600000042, 29.341050900000027 ] ] ], [ [ [ 50.318614800000034, 30.223685800000055 ], [ 50.513893300000063, 30.166060600000037 ], [ 50.575403300000062, 30.130675500000052 ], [ 50.542623500000047, 30.082346200000075 ], [ 50.527624200000048, 30.020396600000026 ], [ 50.535677500000077, 29.972621500000059 ], [ 50.562903901000027, 29.934013001000039 ], [ 50.642349, 29.937341700000047 ], [ 50.713741500000026, 29.873171 ], [ 50.675128701000062, 29.862897100000055 ], [ 50.64762950000005, 29.817058001000078 ], [ 50.703741800000046, 29.791505500000028 ], [ 50.815413600000056, 29.775396801000056 ], [ 50.99986750000005, 29.782892200000049 ], [ 51.17265179900005, 29.714283200000068 ], [ 51.278213500000049, 29.700664801000073 ], [ 51.29960340000008, 29.678442500000074 ], [ 51.270157200000028, 29.608170900000061 ], [ 51.320993300000055, 29.497613800000067 ], [ 51.364606, 29.463438900000028 ], [ 51.427661500000056, 29.475107 ], [ 51.508500401000049, 29.452889101000039 ], [ 51.587116, 29.391494900000055 ], [ 51.674061400000028, 29.234269600000061 ], [ 51.809346300000072, 29.099548700000071 ], [ 51.81517940100008, 29.068163 ], [ 51.79407, 29.044547800000032 ], [ 51.867405499000029, 28.97982520100004 ], [ 51.960464400000035, 28.821205700000064 ], [ 52.054079900000033, 28.428423200000054 ], [ 52.122972200000049, 28.262304100000051 ], [ 52.125472400000035, 28.19953090100006 ], [ 52.158251800000073, 28.145640601000025 ], [ 52.26520030000006, 28.044245200000034 ], [ 52.364648800000055, 28.014807 ], [ 52.38798519900007, 27.993138700000031 ], [ 52.501600100000076, 27.786470300000076 ], [ 52.542712900000026, 27.663124100000061 ], [ 52.602715200000034, 27.580626500000051 ], [ 52.754666301000043, 27.502852700000062 ], [ 52.880504300000041, 27.401737700000069 ], [ 52.943843300000026, 27.329515600000036 ], [ 52.885227600000064, 27.292841100000032 ], [ 52.861338, 27.293398600000046 ], [ 52.828441600000076, 27.324213201000077 ], [ 52.737929475000044, 27.274312336000037 ], [ 52.695018099000038, 27.292346400000042 ], [ 52.57623179400008, 27.386601817000042 ], [ 52.632082900000057, 27.404404400000033 ], [ 52.669450400000073, 27.397660300000041 ], [ 52.679084, 27.405776200000048 ], [ 52.68645470000007, 27.420525600000076 ], [ 52.666194135000069, 27.399387887000046 ], [ 52.676141800000039, 27.459059300000035 ], [ 52.608549001000029, 27.469505900000058 ], [ 52.491357100000073, 27.61319270000007 ], [ 52.432697500000074, 27.647439401000042 ], [ 52.356811700000037, 27.65023750000006 ], [ 52.345838400000048, 27.665161100000034 ], [ 52.197741400000041, 27.703915500000051 ], [ 52.051292900000078, 27.836201800000026 ], [ 51.980756400000075, 27.838733600000069 ], [ 51.987033600000075, 27.839805400000046 ], [ 51.977642200000048, 27.846473499000069 ], [ 51.97738540000006, 27.866284700000051 ], [ 51.966651900000045, 27.879995099000041 ], [ 51.97526029900007, 27.839029800000048 ], [ 51.959572199000036, 27.847001700000078 ], [ 51.928631500000051, 27.829026 ], [ 51.836626700000068, 27.851315800000066 ], [ 51.796401599000035, 27.838891600000068 ], [ 51.787341100000049, 27.85125110000007 ], [ 51.789730300000031, 27.83687180000004 ], [ 51.758444600000075, 27.832673500000055 ], [ 51.759787600000038, 27.838583400000061 ], [ 51.75933, 27.84695860000005 ], [ 51.75380460000008, 27.831283600000063 ], [ 51.69964, 27.823979500000064 ], [ 51.662999700000057, 27.84229780000004 ], [ 51.58108070000003, 27.840480500000069 ], [ 51.589021700000046, 27.86385910000007 ], [ 51.550644300000044, 27.888586900000064 ], [ 51.500865500000032, 27.894051500000046 ], [ 51.49661610000004, 27.914648900000032 ], [ 51.428180700000041, 27.967105600000025 ], [ 51.425270100000034, 27.926979599000049 ], [ 51.401110600000038, 27.934255900000039 ], [ 51.402514040000028, 27.922718635000024 ], [ 51.359206800000038, 28.051946400000077 ], [ 51.329114600000082, 28.07414729900006 ], [ 51.333509200000037, 28.088286800000049 ], [ 51.30604, 28.11999510000004 ], [ 51.273581499000045, 28.136529200000041 ], [ 51.299749700000064, 28.153711601000055 ], [ 51.272187600000052, 28.159171800000024 ], [ 51.289052699000081, 28.169685300000026 ], [ 51.285875, 28.230407400000047 ], [ 51.175943006000068, 28.350950146000059 ], [ 51.08614, 28.511806100000058 ], [ 51.095475, 28.525856700000077 ], [ 51.055521663000036, 28.734658664000051 ], [ 51.05610530000007, 28.735726100000079 ], [ 51.061061900000027, 28.736741400000028 ], [ 51.06808970000003, 28.740310801000078 ], [ 51.05525977800005, 28.735980149000056 ], [ 51.027755951000074, 28.778770017000056 ], [ 51.028664900000081, 28.811849600000073 ], [ 51.004278200000044, 28.848381600000039 ], [ 50.961906499000065, 28.862524900000039 ], [ 50.960449100000062, 28.852491800000053 ], [ 50.961028200000044, 28.866897800000061 ], [ 50.949635500000056, 28.857890400000031 ], [ 50.961913100000061, 28.84451770000004 ], [ 50.932698600000037, 28.84039030100007 ], [ 50.985290500000076, 28.818540400000074 ], [ 50.912675299000057, 28.823848799000075 ], [ 50.908799100000067, 28.819122900000025 ], [ 50.902089500000045, 28.822491300000024 ], [ 50.891525700000045, 28.819397500000036 ], [ 50.885192800000027, 28.821207900000047 ], [ 50.805513500000075, 28.918958101000044 ], [ 50.83039830000007, 28.996575800000073 ], [ 50.873828, 28.961509799000055 ], [ 50.88088220000003, 28.931676201000073 ], [ 50.899598500000081, 28.929890699000055 ], [ 50.904746901000067, 28.945755 ], [ 50.889932299000066, 28.945574900000054 ], [ 50.902788800000053, 28.957932500000027 ], [ 50.915805100000057, 28.956655 ], [ 50.911570499000049, 28.949706800000058 ], [ 50.91566860000006, 28.945336400000031 ], [ 50.920537601000035, 28.947999200000027 ], [ 50.919299300000034, 28.976722100000075 ], [ 50.934942600000056, 28.989849800000059 ], [ 50.920297, 29.011450100000047 ], [ 50.923766501000046, 29.069073500000059 ], [ 50.898327800000061, 29.070438100000047 ], [ 50.903994500000067, 29.087230800000043 ], [ 50.847941553000055, 29.114011289000075 ], [ 50.85312040000008, 29.12586390000007 ], [ 50.823511600000074, 29.137274700000034 ], [ 50.81976, 29.156027300000062 ], [ 50.752863500000046, 29.146147699000039 ], [ 50.776261, 29.130610500000046 ], [ 50.699603600000046, 29.129203600000039 ], [ 50.694680401000028, 29.108104900000058 ], [ 50.683536400000037, 29.112451900000053 ], [ 50.696276642000043, 29.100938645000042 ], [ 50.676793600000053, 29.114236400000038 ], [ 50.679976, 29.127105800000038 ], [ 50.672600896000063, 29.120721790000061 ], [ 50.66737930000005, 29.126817900000049 ], [ 50.676747700000078, 29.12889860000007 ], [ 50.679521600000044, 29.131735001000038 ], [ 50.678488700000059, 29.134304800000052 ], [ 50.683193300000028, 29.128785 ], [ 50.68582930000008, 29.129048299000033 ], [ 50.690152800000078, 29.132618100000059 ], [ 50.67066, 29.140700800000047 ], [ 50.669397938000031, 29.128048946000035 ], [ 50.654754379000053, 29.148084749000077 ], [ 50.667870100000073, 29.156400800000029 ], [ 50.669910401000038, 29.159878 ], [ 50.672557701000073, 29.156797700000027 ], [ 50.674023801000033, 29.156544 ], [ 50.67723570000004, 29.160282300000063 ], [ 50.669907901000045, 29.160649700000079 ], [ 50.653816100000029, 29.152764 ], [ 50.646888900000079, 29.164578600000027 ], [ 50.660970500000076, 29.160242 ], [ 50.650101100000029, 29.167930900000044 ], [ 50.663275400000032, 29.172337600000048 ], [ 50.659781500000065, 29.209884600000066 ], [ 50.67636, 29.211417500000039 ], [ 50.663365300000066, 29.21512 ], [ 50.65043490000005, 29.199314 ], [ 50.661139100000071, 29.242813300000023 ], [ 50.689823100000069, 29.245412200000032 ], [ 50.675570400000026, 29.270115300000043 ], [ 50.699410700000044, 29.294093100000055 ], [ 50.68545563400005, 29.28941568700003 ], [ 50.689541800000029, 29.30667470000003 ], [ 50.699359100000038, 29.311712700000044 ], [ 50.714924, 29.308145500000023 ], [ 50.722539700000027, 29.308935500000075 ], [ 50.729495, 29.311936399000047 ], [ 50.68468450000006, 29.311678800000038 ], [ 50.666256300000043, 29.292728400000044 ], [ 50.662564899000074, 29.433420400000045 ], [ 50.652858800000047, 29.43622490000007 ], [ 50.641484600000069, 29.45342850000003 ], [ 50.640888700000062, 29.455742 ], [ 50.648667, 29.458849400000076 ], [ 50.649115300000062, 29.456535601000041 ], [ 50.65004760000005, 29.455339400000071 ], [ 50.652196900000035, 29.457957800000031 ], [ 50.660733100000073, 29.454121500000042 ], [ 50.665727600000082, 29.454648600000041 ], [ 50.672033999000064, 29.458394400000032 ], [ 50.671270600000071, 29.467395400000044 ], [ 50.660730500000057, 29.454893200000072 ], [ 50.621469700000034, 29.501215800000068 ], [ 50.57901860100003, 29.527838700000075 ], [ 50.549043800000049, 29.522339 ], [ 50.517692100000033, 29.559782201000075 ], [ 50.498542200000031, 29.556910100000039 ], [ 50.504589300000077, 29.592142901000045 ], [ 50.367700500000069, 29.69315830100004 ], [ 50.360558100000048, 29.733373300000039 ], [ 50.35522480000003, 29.709302100000059 ], [ 50.324996, 29.735643300000049 ], [ 50.252627500000074, 29.840075800000079 ], [ 50.254715800000042, 29.843877500000076 ], [ 50.25323220000007, 29.844816700000024 ], [ 50.259464699000034, 29.8456 ], [ 50.259547800000064, 29.846217200000069 ], [ 50.258428300000048, 29.847950600000047 ], [ 50.260516100000075, 29.848162200000047 ], [ 50.261578600000064, 29.848541900000043 ], [ 50.261736700000029, 29.849643099000048 ], [ 50.263128100000074, 29.850121900000033 ], [ 50.264110601000027, 29.850727500000062 ], [ 50.264963600000044, 29.851596900000061 ], [ 50.265166899000064, 29.852172200000041 ], [ 50.25304, 29.844891100000041 ], [ 50.251498200000071, 29.841585900000041 ], [ 50.233869599000059, 29.859888101000024 ], [ 50.255081300000029, 29.864381700000024 ], [ 50.232897200000082, 29.896572800000058 ], [ 50.215842400000042, 29.901190400000075 ], [ 50.209791800000062, 29.882379300000025 ], [ 50.184679200000062, 29.921834 ], [ 50.15339209900003, 29.938097 ], [ 50.156228200000044, 29.969492200000047 ], [ 50.169065900000078, 29.970859801000074 ], [ 50.161151300000029, 30.035335 ], [ 50.173225200000047, 30.041864600000054 ], [ 50.145958600000029, 30.04782 ], [ 50.16163, 30.063647900000035 ], [ 50.151718800000026, 30.064947799000038 ], [ 50.151345099000082, 30.061612101000037 ], [ 50.147611101000052, 30.05886410100004 ], [ 50.14432326900004, 30.059187043000065 ], [ 50.146958501000029, 30.086195 ], [ 50.129178, 30.107167400000037 ], [ 50.13874670000007, 30.112374100000068 ], [ 50.121529199000065, 30.119204 ], [ 50.114273909000076, 30.151827130000072 ], [ 50.163402700000063, 30.20669520000007 ], [ 50.20000710000005, 30.294962401000078 ], [ 50.318614800000034, 30.223685800000055 ] ] ] ] } },
{ "type": "Feature", "properties": { "Shape_Leng": 7.0878192372099997, "Shape_Area": 1.55589690484, "ADM1_EN": "Chaharmahal and Bakhtiari", "ADM1_FA": "چهارمحال و بختیاری", "ADM1_PCODE": "IR004", "ADM1_REF": null, "ADM1ALT1EN": null, "ADM1ALT2EN": null, "ADM1ALT1FA": null, "ADM1ALT2FA": null, "ADM0_EN": "Iran (Islamic Republic of)", "ADM0_FA": "ایران (جمهوری اسلامی)", "ADM0_PCODE": "IR", "date": "2019-04-09T00:00:00", "validOn": "2019-05-14T00:00:00", "validTo": null }, "geometry": { "type": "Polygon", "coordinates": [ [ [ 49.729803200000049, 32.809073100000035 ], [ 49.767306, 32.764071100000024 ], [ 49.795085400000062, 32.759628600000042 ], [ 49.982316800000035, 32.634617200000037 ], [ 50.044539100000065, 32.627402700000061 ], [ 50.153711100000066, 32.663791501000048 ], [ 50.212603700000045, 32.621840900000052 ], [ 50.255939800000078, 32.564350600000068 ], [ 50.315385900000081, 32.537117800000033 ], [ 50.491226800000049, 32.591285601000038 ], [ 50.517616200000077, 32.631565999000031 ], [ 50.458170500000051, 32.660730799000078 ], [ 50.478450200000054, 32.69073559900005 ], [ 50.527062699000055, 32.717959300000075 ], [ 50.549884800000029, 32.713897300000042 ], [ 50.548673, 32.679906100000039 ], [ 50.562209700000039, 32.68830870000005 ], [ 50.565016, 32.672331300000053 ], [ 50.57887850000003, 32.691238500000054 ], [ 50.614758400000028, 32.68789829900004 ], [ 50.651846301000035, 32.710514500000045 ], [ 50.778739399000074, 32.699620799000058 ], [ 50.852355101000057, 32.712126700000056 ], [ 50.887358001000052, 32.696289200000024 ], [ 50.91708090000003, 32.664903001000027 ], [ 50.931804100000079, 32.598509700000079 ], [ 50.99653, 32.554626800000051 ], [ 51.007916600000044, 32.524062100000037 ], [ 50.96847050000008, 32.433505801000024 ], [ 50.973194, 32.388232200000061 ], [ 51.144311900000048, 32.287671900000078 ], [ 51.233760800000027, 32.174335599000074 ], [ 51.34571260000007, 32.139618100000064 ], [ 51.385712100000035, 32.091555500000027 ], [ 51.378492300000062, 32.052666600000066 ], [ 51.41432530000003, 32.032387100000051 ], [ 51.429325, 31.999891400000024 ], [ 51.434048400000052, 31.970167500000059 ], [ 51.413215401000059, 31.952380300000073 ], [ 51.428215100000045, 31.926828200000045 ], [ 51.412105501000042, 31.861828700000046 ], [ 51.296820300000036, 31.822941300000025 ], [ 51.285430500000075, 31.802102700000034 ], [ 51.369046300000036, 31.712655500000039 ], [ 51.30543379900007, 31.661824600000045 ], [ 51.296544101000052, 31.515710100000035 ], [ 51.25959799900005, 31.460711100000026 ], [ 51.288487699000029, 31.445155900000032 ], [ 51.314044100000046, 31.393480400000044 ], [ 51.29321120000003, 31.365702 ], [ 51.337100500000076, 31.296532400000046 ], [ 51.329877399000054, 31.19598620000005 ], [ 51.223763700000063, 31.223760800000036 ], [ 51.180425900000046, 31.209869601000037 ], [ 51.179041, 31.174869600000079 ], [ 51.15292670000008, 31.149866700000075 ], [ 51.078477600000042, 31.188764199000047 ], [ 51.040699699000072, 31.178751100000056 ], [ 50.969442300000026, 31.226556800000026 ], [ 50.963202, 31.260422600000027 ], [ 50.924589101000038, 31.298482100000058 ], [ 50.892366199000037, 31.308755400000052 ], [ 50.857086700000082, 31.290420600000061 ], [ 50.789298200000076, 31.314316200000064 ], [ 50.719852401000026, 31.383206200000075 ], [ 50.639569900000026, 31.42765 ], [ 50.574844100000064, 31.408763600000043 ], [ 50.542344700000058, 31.440153600000031 ], [ 50.500395400000059, 31.452648200000056 ], [ 50.476229, 31.42764980000004 ], [ 50.379556900000068, 31.417366900000047 ], [ 50.293241500000079, 31.481570600000055 ], [ 50.375648401000035, 31.541829900000039 ], [ 50.358413600000063, 31.555018500000074 ], [ 50.392379800000072, 31.601391499000044 ], [ 50.42697910000004, 31.593458500000054 ], [ 50.457542300000057, 31.614155800000049 ], [ 50.446403600000053, 31.646511 ], [ 50.2831, 31.850077200000044 ], [ 50.290351800000053, 31.870412200000032 ], [ 50.250030400000071, 31.908635400000037 ], [ 50.239620200000047, 31.940171600000042 ], [ 50.118217600000037, 32.016429200000061 ], [ 50.000270101000069, 32.112542700000063 ], [ 49.936820800000078, 32.186074100000042 ], [ 49.926036800000077, 32.284210400000063 ], [ 49.907890300000076, 32.320275 ], [ 49.500077200000078, 32.703093200000069 ], [ 49.519792600000073, 32.727402500000039 ], [ 49.577575400000057, 32.740179199000067 ], [ 49.59063180000004, 32.789073 ], [ 49.660077300000069, 32.779348500000026 ], [ 49.729803200000049, 32.809073100000035 ] ] ] } },
{ "type": "Feature", "properties": { "Shape_Leng": 14.1458064498, "Shape_Area": 4.6466061278600002, "ADM1_EN": "East Azerbaijan", "ADM1_FA": "آذربایجان شرقی", "ADM1_PCODE": "IR005", "ADM1_REF": null, "ADM1ALT1EN": null, "ADM1ALT2EN": null, "ADM1ALT1FA": null, "ADM1ALT2FA": null, "ADM0_EN": "Iran (Islamic Republic of)", "ADM0_FA": "ایران (جمهوری اسلامی)", "ADM0_PCODE": "IR", "date": "2019-04-09T00:00:00", "validOn": "2019-05-14T00:00:00", "validTo": null }, "geometry": { "type": "Polygon", "coordinates": [ [ [ 47.36633640000008, 39.419788 ], [ 47.439111, 39.337267100000076 ], [ 47.430792500000052, 39.318637600000045 ], [ 47.50493490000008, 39.295435600000076 ], [ 47.481065800000067, 39.272564500000044 ], [ 47.518569, 39.219785700000045 ], [ 47.507456, 39.169224500000041 ], [ 47.519402300000081, 39.150896100000068 ], [ 47.497456300000067, 39.128396900000041 ], [ 47.527459400000055, 39.080615400000056 ], [ 47.523846200000037, 39.049224700000025 ], [ 47.505236600000046, 39.035331400000075 ], [ 47.523013200000037, 39.014226200000053 ], [ 47.50218, 39.00005370000008 ], [ 47.563016100000027, 38.977556700000036 ], [ 47.526626700000065, 38.958664500000054 ], [ 47.536346600000059, 38.950052600000049 ], [ 47.511623501000031, 38.915890200000035 ], [ 47.549683400000049, 38.888391900000045 ], [ 47.551626600000077, 38.860326600000064 ], [ 47.598019900000054, 38.818943700000034 ], [ 47.469677600000068, 38.791439601000036 ], [ 47.431344900000056, 38.756440600000076 ], [ 47.422174900000073, 38.737827300000049 ], [ 47.43578860000008, 38.700329600000032 ], [ 47.52579430000003, 38.669767700000079 ], [ 47.564954, 38.642278801000032 ], [ 47.568850900000029, 38.611708400000055 ], [ 47.498568200000079, 38.581158801000072 ], [ 47.46412250000003, 38.478096400000027 ], [ 47.345784, 38.356979700000068 ], [ 47.290781300000049, 38.331984100000057 ], [ 47.287171900000033, 38.302263 ], [ 47.398567700000058, 38.237812500000075 ], [ 47.468846601000052, 38.249481699000057 ], [ 47.482736600000067, 38.181979301000069 ], [ 47.617188700000042, 38.218364100000031 ], [ 47.724694200000044, 38.212255500000026 ], [ 47.787473301000034, 38.251422800000057 ], [ 47.852199699000039, 38.14669850000007 ], [ 47.862200100000052, 38.006699900000058 ], [ 47.909703200000081, 37.990864900000076 ], [ 47.937759500000027, 37.946691600000065 ], [ 47.887757, 37.897804700000052 ], [ 47.893036800000061, 37.868357400000036 ], [ 47.977486, 37.875863300000049 ], [ 47.999403, 37.89495670000008 ], [ 48.046655500000043, 37.871135400000071 ], [ 48.057212100000072, 37.85002890100003 ], [ 48.099158300000056, 37.852528001000053 ], [ 48.151104501000077, 37.810304100000053 ], [ 48.135271600000067, 37.75224460000004 ], [ 48.066655700000069, 37.729470401000071 ], [ 48.025542900000062, 37.654461999000034 ], [ 48.02165320000006, 37.612242200000026 ], [ 48.079156, 37.578356600000063 ], [ 48.053046700000039, 37.533352500000035 ], [ 48.06082310000005, 37.514734801000031 ], [ 48.155272100000047, 37.478352400000063 ], [ 48.149439100000052, 37.416124 ], [ 48.225555300000053, 37.36612480000008 ], [ 48.247221600000046, 37.323903900000062 ], [ 48.260001600000066, 37.329455001000042 ], [ 48.295277800000065, 37.286404201000039 ], [ 48.335281200000054, 37.266402800000037 ], [ 48.335560900000075, 37.243899400000032 ], [ 48.150273300000038, 37.221124800000041 ], [ 48.09971390100003, 37.15583950000007 ], [ 48.041101200000071, 37.149449900000036 ], [ 47.999333100000058, 37.112217 ], [ 47.972485200000051, 37.155281200000047 ], [ 47.871926300000041, 37.174727700000062 ], [ 47.778867500000047, 37.132224701000041 ], [ 47.766087700000071, 37.07639910000006 ], [ 47.663028999000062, 37.099447800000064 ], [ 47.59886, 37.037508100000025 ], [ 47.524133899000049, 37.067227400000036 ], [ 47.492464399000028, 37.000001200000042 ], [ 47.302733301000046, 36.897227800000053 ], [ 47.198285300000066, 36.799437100000034 ], [ 47.17411529900005, 36.791667 ], [ 47.140502600000048, 36.832218300000079 ], [ 47.09633610000003, 36.831110800000033 ], [ 47.021886899000037, 36.790829201000065 ], [ 46.997997500000054, 36.745278100000064 ], [ 46.946605100000056, 36.749437900000032 ], [ 46.873268900000028, 36.786660100000063 ], [ 46.898824500000046, 36.894715100000042 ], [ 46.837155, 36.93750220000004 ], [ 46.83187810000004, 36.976110200000051 ], [ 46.862711500000046, 36.999729701000035 ], [ 46.78937540000004, 37.054166100000032 ], [ 46.706316500000071, 37.072229400000026 ], [ 46.642147200000068, 37.041114900000025 ], [ 46.460748701000057, 37.020277699000076 ], [ 46.459915900000055, 37.042779500000051 ], [ 46.494914899000037, 37.064722700000061 ], [ 46.496028200000069, 37.091947900000036 ], [ 46.447691900000052, 37.10138870000003 ], [ 46.41241240100004, 37.056388100000049 ], [ 46.286294400000031, 36.971671100000037 ], [ 46.243515400000035, 36.970275700000059 ], [ 46.198792600000047, 36.944440800000052 ], [ 46.177402200000074, 36.955269899000029 ], [ 46.175456, 36.995551199000033 ], [ 46.056283400000041, 37.088058600000068 ], [ 46.004613200000051, 37.15056050000004 ], [ 45.926834, 37.170835100000033 ], [ 45.851828500000067, 37.16278090000003 ], [ 45.752379400000052, 37.182227100000034 ], [ 45.780889599000034, 37.228470999000024 ], [ 45.866298800000038, 37.256485800000064 ], [ 45.857181599000057, 37.311189 ], [ 45.92614, 37.301817500000027 ], [ 45.981837800000051, 37.377919500000075 ], [ 45.961506, 37.397457100000054 ], [ 45.918702500000052, 37.384183299000028 ], [ 45.888491700000031, 37.399627900000041 ], [ 45.823366500000077, 37.458964200000025 ], [ 45.79275319900006, 37.515663800000027 ], [ 45.726383499000065, 37.550950700000044 ], [ 45.705316100000061, 37.600918 ], [ 45.66341140000003, 37.626219200000037 ], [ 45.660329500000046, 37.637274 ], [ 45.797937, 37.623899900000026 ], [ 45.822800900000061, 37.655392500000062 ], [ 45.818973500000027, 37.679632800000036 ], [ 45.782932, 37.717269100000067 ], [ 45.649291400000038, 37.771490800000038 ], [ 45.595707600000026, 37.776913 ], [ 45.51596980000005, 37.759689600000058 ], [ 45.507039100000043, 37.748526300000037 ], [ 45.519032500000037, 37.732520600000043 ], [ 45.494062900000074, 37.719186600000057 ], [ 45.482227001000069, 37.746727800000031 ], [ 45.469634800000051, 37.738854100000026 ], [ 45.447442700000067, 37.755269400000032 ], [ 45.411786100000029, 37.810104500000079 ], [ 45.407850300000064, 37.887407800000062 ], [ 45.42450180000003, 37.914050200000077 ], [ 45.511531300000058, 37.933355900000038 ], [ 45.534311401000025, 37.961415900000077 ], [ 45.520421100000078, 37.985025800000074 ], [ 45.535078300000066, 38.033071800000073 ], [ 45.515951501000075, 38.047098100000028 ], [ 45.539262200000053, 38.075798200000065 ], [ 45.531013800000039, 38.122778400000072 ], [ 45.378528700000061, 38.24737870000007 ], [ 45.103177300000027, 38.263640900000041 ], [ 45.082064201000037, 38.332534600000031 ], [ 45.118176500000061, 38.369753400000036 ], [ 45.188735700000052, 38.400863100000038 ], [ 45.210402500000043, 38.430031100000065 ], [ 45.26985140000005, 38.441705200000058 ], [ 45.339577, 38.486423100000025 ], [ 45.292907799000034, 38.533929099000034 ], [ 45.262351299000045, 38.590040100000067 ], [ 45.253461, 38.645319400000062 ], [ 45.233457200000032, 38.665039999000044 ], [ 45.275683700000059, 38.731987700000047 ], [ 45.261236, 38.824769700000047 ], [ 45.270959400000038, 38.865326800000048 ], [ 45.329295, 38.892270500000052 ], [ 45.377907400000026, 38.962551899000061 ], [ 45.45290470100008, 38.992996499000071 ], [ 45.541502801000036, 38.964828500000067 ], [ 45.581897500000025, 38.978503 ], [ 45.61587109900006, 38.94141649900007 ], [ 45.692446399000062, 38.951494500000081 ], [ 45.736821, 38.927534800000046 ], [ 45.797996800000078, 38.924927800000034 ], [ 45.815273500000046, 38.905254900000045 ], [ 45.846745701000032, 38.910444 ], [ 45.908707599000081, 38.87391690000004 ], [ 45.944522300000074, 38.896592800000064 ], [ 46.012004599000079, 38.871889400000043 ], [ 46.06542040000005, 38.887438600000053 ], [ 46.147600599000043, 38.841811100000029 ], [ 46.184136299000045, 38.84148760000005 ], [ 46.282586500000036, 38.900527100000033 ], [ 46.346140400000081, 38.916819800000042 ], [ 46.421043800000064, 38.883021900000074 ], [ 46.453754600000082, 38.898485 ], [ 46.522996700000078, 38.888606100000061 ], [ 46.53398320000008, 38.867172 ], [ 46.654977300000041, 38.954091100000028 ], [ 46.696938301000046, 39.019030200000032 ], [ 46.753092800000047, 39.025914 ], [ 46.768343200000061, 39.070419301000072 ], [ 46.834236600000054, 39.114444400000025 ], [ 46.839019400000041, 39.13749739900004 ], [ 46.925544100000081, 39.164728700000069 ], [ 46.96249540000008, 39.14035750000005 ], [ 47.019110300000079, 39.167001400000061 ], [ 47.053937400000052, 39.19391180000008 ], [ 47.058069400000079, 39.239818500000069 ], [ 47.098330300000043, 39.276733800000045 ], [ 47.315114, 39.369193600000074 ], [ 47.341595101000053, 39.413475900000037 ], [ 47.36633640000008, 39.419788 ] ] ] } },
{ "type": "Feature", "properties": { "Shape_Leng": 17.564257692799998, "Shape_Area": 11.3668555649, "ADM1_EN": "Fars", "ADM1_FA": "فارس", "ADM1_PCODE": "IR006", "ADM1_REF": null, "ADM1ALT1EN": null, "ADM1ALT2EN": null, "ADM1ALT1FA": null, "ADM1ALT2FA": null, "ADM0_EN": "Iran (Islamic Republic of)", "ADM0_FA": "ایران (جمهوری اسلامی)", "ADM0_PCODE": "IR", "date": "2019-04-09T00:00:00", "validOn": "2019-05-14T00:00:00", "validTo": null }, "geometry": { "type": "Polygon", "coordinates": [ [ [ 52.130469100000028, 31.656552601000044 ], [ 52.247420900000066, 31.661545500000045 ], [ 52.381035700000041, 31.551543801000037 ], [ 52.559656600000039, 31.512379700000054 ], [ 52.801045725000051, 31.494852918000049 ], [ 52.848559299000044, 31.447648800000024 ], [ 52.934671500000036, 31.404874600000028 ], [ 52.968007700000044, 31.36432190000005 ], [ 52.977730901000029, 31.308206300000052 ], [ 52.955507900000043, 31.25071040000006 ], [ 52.850502801000061, 31.21431240000004 ], [ 52.831613, 31.186535800000058 ], [ 52.911895300000026, 31.121261700000048 ], [ 52.969397900000047, 31.014593400000024 ], [ 53.034956900000054, 30.996531499000071 ], [ 53.377472100000034, 30.825416100000041 ], [ 53.471087501000056, 30.731524500000035 ], [ 53.734987, 30.689025300000026 ], [ 53.879438400000026, 30.630138 ], [ 53.929161, 30.557075400000031 ], [ 53.898604700000078, 30.445682500000032 ], [ 53.926107800000068, 30.349014100000034 ], [ 53.864158600000053, 30.193741900000077 ], [ 53.939997600000027, 30.061517800000047 ], [ 54.047222599000065, 29.990954100000067 ], [ 54.098058499000047, 29.938453300000049 ], [ 54.08916860000005, 29.853734800000041 ], [ 54.103058500000031, 29.79289650000004 ], [ 54.242786401000046, 29.596223300000077 ], [ 54.476409600000068, 29.641224300000033 ], [ 54.615304200000082, 29.611499900000069 ], [ 54.798088200000052, 29.602057900000034 ], [ 54.879203600000039, 29.531502400000079 ], [ 54.983932001000028, 29.394831800000077 ], [ 55.167272500000081, 29.249830401000054 ], [ 55.262277700000027, 29.094546600000058 ], [ 55.27727740000006, 29.033435 ], [ 55.248107701000038, 28.842599 ], [ 55.251997500000073, 28.723989600000039 ], [ 55.35088920000004, 28.660370700000044 ], [ 55.452841100000057, 28.543983801000024 ], [ 55.426728099000059, 28.502591400000028 ], [ 55.407838300000037, 28.418416800000045 ], [ 55.400614900000051, 28.067580900000053 ], [ 55.386725, 27.998693001000049 ], [ 55.500619900000061, 27.923411700000031 ], [ 55.580065200000035, 27.808690600000034 ], [ 55.567288700000063, 27.781466500000079 ], [ 55.471450100000027, 27.718688900000075 ], [ 55.437004, 27.642573 ], [ 55.331445700000074, 27.571737700000028 ], [ 55.256720100000052, 27.495629100000031 ], [ 55.12560220000006, 27.430071 ], [ 54.628913401000034, 27.46785090000003 ], [ 54.353067700000054, 27.458684600000026 ], [ 54.109448200000031, 27.408124 ], [ 53.968607100000042, 27.35006640000006 ], [ 53.970830400000068, 27.307014399000025 ], [ 53.996386699000027, 27.273119899000051 ], [ 54.015833, 27.274234999000043 ], [ 54.034999400000061, 27.230064 ], [ 53.933327600000041, 27.123677799000063 ], [ 53.793323200000032, 27.045617 ], [ 53.632205800000065, 27.098396600000058 ], [ 53.541923899000039, 27.157843201000048 ], [ 53.496088, 27.101174600000036 ], [ 53.409696100000076, 27.113949899000033 ], [ 53.353580201000057, 27.191174100000069 ], [ 53.130793700000027, 27.272013600000037 ], [ 53.033496900000046, 27.282728001000066 ], [ 52.928007, 27.341180400000042 ], [ 52.880504300000041, 27.401737700000069 ], [ 52.754666301000043, 27.502852700000062 ], [ 52.602715200000034, 27.580626500000051 ], [ 52.542712900000026, 27.663124100000061 ], [ 52.501600100000076, 27.786470300000076 ], [ 52.38798519900007, 27.993138700000031 ], [ 52.364648800000055, 28.014807 ], [ 52.26520030000006, 28.044245200000034 ], [ 52.158251800000073, 28.145640601000025 ], [ 52.125472400000035, 28.19953090100006 ], [ 52.122972200000049, 28.262304100000051 ], [ 52.054079900000033, 28.428423200000054 ], [ 51.960464400000035, 28.821205700000064 ], [ 51.867405499000029, 28.97982520100004 ], [ 51.79407, 29.044547800000032 ], [ 51.81517940100008, 29.068163 ], [ 51.809346300000072, 29.099548700000071 ], [ 51.674061400000028, 29.234269600000061 ], [ 51.587116, 29.391494900000055 ], [ 51.508500401000049, 29.452889101000039 ], [ 51.427661500000056, 29.475107 ], [ 51.364606, 29.463438900000028 ], [ 51.320993300000055, 29.497613800000067 ], [ 51.270157200000028, 29.608170900000061 ], [ 51.29960340000008, 29.678442500000074 ], [ 51.278213500000049, 29.700664801000073 ], [ 51.17265179900005, 29.714283200000068 ], [ 50.99986750000005, 29.782892200000049 ], [ 50.815413600000056, 29.775396801000056 ], [ 50.703741800000046, 29.791505500000028 ], [ 50.64762950000005, 29.817058001000078 ], [ 50.675128701000062, 29.862897100000055 ], [ 50.713741500000026, 29.873171 ], [ 50.645682399000066, 29.935402299000032 ], [ 50.603183100000081, 29.943728200000066 ], [ 50.615959400000065, 29.960118800000032 ], [ 50.686794999000028, 29.995958800000039 ], [ 50.761244100000056, 29.992061800000045 ], [ 50.846526101000052, 29.965675901000054 ], [ 50.90319529900006, 30.03484 ], [ 50.924861400000054, 30.115122300000053 ], [ 50.955974200000071, 30.155955400000039 ], [ 50.991530400000045, 30.176796500000023 ], [ 51.050422999000034, 30.180676100000028 ], [ 51.066255801000068, 30.200398700000051 ], [ 51.106535300000075, 30.187623200000075 ], [ 51.142371400000059, 30.215682700000059 ], [ 51.177927600000032, 30.206236300000057 ], [ 51.196817300000077, 30.235405800000024 ], [ 51.269042800000079, 30.279571800000042 ], [ 51.238486500000079, 30.336244800000031 ], [ 51.294879, 30.384573500000045 ], [ 51.219596700000068, 30.454298800000061 ], [ 51.179040500000042, 30.530686900000035 ], [ 51.14292769900004, 30.564022499000032 ], [ 51.136537500000031, 30.598468901000047 ], [ 51.177373600000067, 30.649855700000046 ], [ 51.211263200000076, 30.653194800000051 ], [ 51.349601301000064, 30.562633 ], [ 51.366547800000035, 30.486243500000057 ], [ 51.39932740100005, 30.463737900000069 ], [ 51.447106801000075, 30.46790690000006 ], [ 51.57461150000006, 30.422355200000027 ], [ 51.619337500000029, 30.443741401000068 ], [ 51.742952600000081, 30.371517100000062 ], [ 51.826291400000059, 30.436522600000046 ], [ 51.842957600000034, 30.465687400000036 ], [ 51.83351440000007, 30.519299 ], [ 51.888236901000028, 30.598189900000079 ], [ 51.785178201000065, 30.700693700000045 ], [ 51.832680900000071, 30.740413500000045 ], [ 51.85851370000006, 30.800414500000045 ], [ 51.835457499000029, 30.893478900000048 ], [ 51.897683100000052, 30.989309800000058 ], [ 51.89851629900005, 31.027365300000042 ], [ 51.967961799000079, 31.194316700000059 ], [ 51.936572100000035, 31.413486600000056 ], [ 52.046300400000064, 31.59571 ], [ 52.130469100000028, 31.656552601000044 ] ] ] } },
{ "type": "Feature", "properties": { "Shape_Leng": 7.1773063714700003, "Shape_Area": 1.42727209236, "ADM1_EN": "Gilan", "ADM1_FA": "گیلان", "ADM1_PCODE": "IR007", "ADM1_REF": null, "ADM1ALT1EN": null, "ADM1ALT2EN": null, "ADM1ALT1FA": null, "ADM1ALT2FA": null, "ADM0_EN": "Iran (Islamic Republic of)", "ADM0_FA": "ایران (جمهوری اسلامی)", "ADM0_PCODE": "IR", "date": "2019-04-09T00:00:00", "validOn": "2019-05-14T00:00:00", "validTo": null }, "geometry": { "type": "Polygon", "coordinates": [ [ [ 48.583297099000049, 38.456565 ], [ 48.601878200000044, 38.417360101000043 ], [ 48.662271500000031, 38.392955100000052 ], [ 48.738303100000053, 38.411120700000026 ], [ 48.791323601000045, 38.451747700000055 ], [ 48.882286444000044, 38.441764182000043 ], [ 48.873939200000052, 38.339617800000042 ], [ 48.915544900000043, 38.144853800000078 ], [ 48.909317499000053, 38.078921900000068 ], [ 48.938676400000077, 37.964553400000057 ], [ 48.93284, 37.900917 ], [ 48.97867350100006, 37.833294099000057 ], [ 48.974725300000046, 37.793016100000045 ], [ 49.002064700000062, 37.732787200000075 ], [ 49.147073299000056, 37.602449600000057 ], [ 49.296855200000039, 37.526160300000072 ], [ 49.460877999000047, 37.482306200000039 ], [ 49.458463, 37.477874100000065 ], [ 49.467125500000066, 37.464759199000071 ], [ 49.464245189000053, 37.481163478000042 ], [ 49.841898101000027, 37.445661700000073 ], [ 49.901381399000059, 37.451882800000078 ], [ 49.889866600000062, 37.460786100000064 ], [ 49.920407900000043, 37.473816300000067 ], [ 49.947988, 37.458347200000048 ], [ 49.957299700000078, 37.431446400000027 ], [ 50.202114737000045, 37.37612284800008 ], [ 50.310227700000041, 37.14142970000006 ], [ 50.47877040000003, 37.022606800000062 ], [ 50.592640450000033, 36.965640317000066 ], [ 50.512888199000031, 36.875006700000029 ], [ 50.476775300000043, 36.877509400000065 ], [ 50.432606, 36.856667899000058 ], [ 50.432329300000049, 36.730004500000064 ], [ 50.37871350000006, 36.657227200000079 ], [ 50.34038060000006, 36.635830400000032 ], [ 50.201205600000037, 36.678055900000061 ], [ 50.058153900000036, 36.60406160000008 ], [ 49.938971001000027, 36.602637900000047 ], [ 49.935983400000055, 36.57249610000008 ], [ 49.900846600000079, 36.582570800000042 ], [ 49.787661300000082, 36.55938290000006 ], [ 49.615622, 36.606939 ], [ 49.499783600000058, 36.600832800000035 ], [ 49.340608300000042, 36.742221700000073 ], [ 49.305608600000028, 36.797775999000066 ], [ 49.231435600000054, 36.85750329900003 ], [ 49.214492600000028, 36.900832800000046 ], [ 49.170322799000076, 36.918900300000075 ], [ 49.05670710000004, 37.054450100000054 ], [ 48.93197820000006, 37.150288700000033 ], [ 48.895308500000056, 37.225562400000058 ], [ 48.904754900000057, 37.314458501000047 ], [ 48.715299400000049, 37.474188900000058 ], [ 48.675853, 37.567520800000068 ], [ 48.680019800000082, 37.592800901000032 ], [ 48.625293500000055, 37.633079500000065 ], [ 48.595846900000026, 37.690583700000047 ], [ 48.639463, 37.721694300000024 ], [ 48.654182700000035, 37.778911600000072 ], [ 48.591959700000075, 37.803077100000053 ], [ 48.570846399000061, 37.901976800000057 ], [ 48.620572201000073, 38.013369800000078 ], [ 48.633071700000073, 38.113087500000063 ], [ 48.683074299000054, 38.152261700000054 ], [ 48.666684500000031, 38.178648800000076 ], [ 48.690017701000045, 38.222256200000061 ], [ 48.672794100000033, 38.24420230000004 ], [ 48.671684200000072, 38.289762800000062 ], [ 48.639181200000053, 38.290876500000024 ], [ 48.573901601000046, 38.361706499000036 ], [ 48.583297099000049, 38.456565 ] ] ] } },
{ "type": "Feature", "properties": { "Shape_Leng": 7.9502423586999997, "Shape_Area": 2.0493168862600002, "ADM1_EN": "Golestan", "ADM1_FA": "گلستان", "ADM1_PCODE": "IR008", "ADM1_REF": null, "ADM1ALT1EN": null, "ADM1ALT2EN": null, "ADM1ALT1FA": null, "ADM1ALT2FA": null, "ADM0_EN": "Iran (Islamic Republic of)", "ADM0_FA": "ایران (جمهوری اسلامی)", "ADM0_PCODE": "IR", "date": "2019-04-09T00:00:00", "validOn": "2019-05-14T00:00:00", "validTo": null }, "geometry": { "type": "Polygon", "coordinates": [ [ [ 55.770556, 38.122222 ], [ 55.985885300000064, 38.076580599000067 ], [ 56.164444, 38.095 ], [ 56.216111, 38.072222 ], [ 56.288975600000072, 38.084658300000058 ], [ 56.311499199000082, 37.915589700000055 ], [ 56.280386100000044, 37.867257700000039 ], [ 56.215660300000081, 37.859482200000059 ], [ 56.118711, 37.634747600000026 ], [ 56.061208200000067, 37.572246700000051 ], [ 56.05843150000004, 37.519192600000054 ], [ 56.00120540000006, 37.442522100000076 ], [ 56.013985, 37.366409 ], [ 55.808625600000028, 37.317863300000056 ], [ 55.720081400000026, 37.271131900000057 ], [ 55.705915001000051, 37.191957700000046 ], [ 55.621465800000067, 37.099175800000069 ], [ 55.57923930000004, 36.95555980000006 ], [ 55.547573100000079, 36.913898900000049 ], [ 55.500070100000073, 36.901115700000048 ], [ 55.400897800000052, 36.816957100000025 ], [ 55.001435600000036, 36.764168700000027 ], [ 54.865316900000039, 36.629447700000071 ], [ 54.778091299000039, 36.600278100000025 ], [ 54.700865500000077, 36.632500700000037 ], [ 54.649472700000047, 36.618055599000058 ], [ 54.570860200000027, 36.544997800000033 ], [ 54.498634399000082, 36.512501400000076 ], [ 54.379182300000082, 36.520832700000028 ], [ 54.126115201000061, 36.491659100000049 ], [ 54.128058600000031, 36.57027879900005 ], [ 54.104448800000057, 36.615831300000025 ], [ 53.964720399000043, 36.675285 ], [ 53.864714800000058, 36.679454300000032 ], [ 53.862214799000071, 36.781559200000061 ], [ 53.928230400000075, 36.779733500000077 ], [ 54.041444400000046, 36.812648400000057 ], [ 54.04515420000007, 36.948515799000063 ], [ 54.02680440000006, 36.972336100000064 ], [ 54.000475, 36.976178300000072 ], [ 54.03291560100007, 36.989258200000052 ], [ 54.045792800000072, 37.037032500000066 ], [ 53.992489400000068, 37.200251800000046 ], [ 53.999504700000045, 37.260652300000061 ], [ 53.980472090000035, 37.345625192000057 ], [ 54.244677900000056, 37.319985600000052 ], [ 54.285192899000037, 37.351769 ], [ 54.397659700000077, 37.360699500000067 ], [ 54.586762100000044, 37.46003120000006 ], [ 54.673667600000044, 37.437055 ], [ 54.79251510000006, 37.525488900000028 ], [ 54.815247500000055, 37.606229799000062 ], [ 54.782754800000077, 37.634339901000033 ], [ 54.840213100000028, 37.745694 ], [ 55.023322699000062, 37.842963400000031 ], [ 55.041029500000036, 37.879615800000067 ], [ 55.12765550000006, 37.949199600000043 ], [ 55.169586200000026, 37.960612900000058 ], [ 55.201509700000031, 37.947306800000035 ], [ 55.227129800000057, 37.979288600000075 ], [ 55.384722001000057, 38.041944 ], [ 55.442778, 38.086111 ], [ 55.770556, 38.122222 ] ] ] } },
{ "type": "Feature", "properties": { "Shape_Leng": 8.6378170353500003, "Shape_Area": 1.9089596103699999, "ADM1_EN": "Hamadan", "ADM1_FA": "همدان", "ADM1_PCODE": "IR009", "ADM1_REF": null, "ADM1ALT1EN": null, "ADM1ALT2EN": null, "ADM1ALT1FA": null, "ADM1ALT2FA": null, "ADM0_EN": "Iran (Islamic Republic of)", "ADM0_FA": "ایران (جمهوری اسلامی)", "ADM0_PCODE": "IR", "date": "2019-04-09T00:00:00", "validOn": "2019-05-14T00:00:00", "validTo": null }, "geometry": { "type": "Polygon", "coordinates": [ [ [ 48.779750600000057, 35.733582400000046 ], [ 48.883922900000073, 35.699415700000031 ], [ 49.127270600000031, 35.568859300000042 ], [ 49.134213700000032, 35.52246940100008 ], [ 49.160880400000053, 35.493300100000056 ], [ 49.29227540100004, 35.466907300000059 ], [ 49.391171, 35.425247500000069 ], [ 49.428394, 35.426636300000041 ], [ 49.395338, 35.386354200000028 ], [ 49.40700430000004, 35.363854700000047 ], [ 49.350611900000047, 35.281354800000031 ], [ 49.374781600000063, 35.263299400000051 ], [ 49.370335100000034, 35.234962 ], [ 49.426171, 35.222182100000055 ], [ 49.466173900000058, 35.179124100000024 ], [ 49.462840799000048, 35.138292500000034 ], [ 49.411171900000056, 35.034119101000044 ], [ 49.32394620000008, 35.08329770000006 ], [ 49.260886800000037, 35.051618500000075 ], [ 49.282833400000072, 35.007733700000074 ], [ 49.37922560100003, 35.014120499000057 ], [ 49.41422840000007, 35.001626900000076 ], [ 49.389782300000036, 34.917451800000038 ], [ 49.303666600000042, 34.911903500000051 ], [ 49.211717900000053, 34.842175800000064 ], [ 49.16810520000007, 34.866065200000037 ], [ 49.149215600000048, 34.797174200000029 ], [ 49.103103100000055, 34.753560600000071 ], [ 49.131439399000044, 34.676065600000072 ], [ 49.134772800000064, 34.613554100000044 ], [ 49.106993400000079, 34.58661040000004 ], [ 49.081156901000043, 34.584670399000061 ], [ 49.060046999000065, 34.634947801000067 ], [ 49.001154499000052, 34.597447300000056 ], [ 49.054767501000072, 34.505217400000049 ], [ 49.003654900000072, 34.465782700000034 ], [ 49.015601700000047, 34.447725500000047 ], [ 49.003655, 34.423829401000035 ], [ 48.955595499000026, 34.404381801000056 ], [ 48.95004270000004, 34.388553 ], [ 49.007265001000064, 34.384383700000058 ], [ 49.020878400000072, 34.309659399000054 ], [ 49.121717300000057, 34.248821900000053 ], [ 49.123384200000032, 34.19104180000005 ], [ 49.093938, 34.162719700000025 ], [ 49.138384301000031, 34.119378400000073 ], [ 49.173663600000054, 34.116318700000079 ], [ 49.167274100000043, 34.09354649900007 ], [ 49.081158501000061, 34.01520909900006 ], [ 49.01115580000004, 34.022150100000033 ], [ 48.948377, 34.002707400000077 ], [ 48.916150300000027, 34.028540400000054 ], [ 48.904207301000042, 34.006317900000056 ], [ 48.861147801000072, 34.001046500000029 ], [ 48.841704800000059, 34.036320900000078 ], [ 48.765589, 34.072434 ], [ 48.730865900000026, 34.121047400000066 ], [ 48.713366400000041, 34.122157500000071 ], [ 48.709476500000051, 34.091875900000048 ], [ 48.660863800000072, 34.079095 ], [ 48.617250800000079, 34.096045600000025 ], [ 48.585858100000053, 34.063543100000061 ], [ 48.560301700000082, 34.066593800000078 ], [ 48.545858300000077, 34.101876200000049 ], [ 48.526968399000054, 34.107156300000042 ], [ 48.519465500000081, 34.050762100000043 ], [ 48.483076099000073, 34.010207300000047 ], [ 48.352237900000034, 34.006876500000033 ], [ 48.304735, 34.021318300000075 ], [ 48.304458200000056, 34.056601500000056 ], [ 48.240565600000082, 34.049100600000031 ], [ 48.177229801000067, 34.086044001000062 ], [ 48.137783500000069, 34.14104720000006 ], [ 48.108060300000034, 34.146597900000074 ], [ 48.053891001000068, 34.212718700000039 ], [ 47.938605700000039, 34.245768899000041 ], [ 47.900272900000061, 34.238548700000024 ], [ 47.886659300000076, 34.255209200000024 ], [ 47.952495100000078, 34.345494600000052 ], [ 47.993628700000045, 34.364661001000059 ], [ 47.989713, 34.401306900000066 ], [ 48.044443801000057, 34.38966109900008 ], [ 48.085833200000081, 34.418268499000078 ], [ 48.105002900000045, 34.467441300000075 ], [ 48.090556, 34.493556600000034 ], [ 48.101389401000063, 34.529669900000044 ], [ 48.046666500000072, 34.622999099000026 ], [ 48.034443200000055, 34.588557300000048 ], [ 47.999440199000048, 34.586608200000057 ], [ 47.954717300000027, 34.62271910000004 ], [ 47.865545, 34.633276099000057 ], [ 47.853601800000035, 34.661337700000047 ], [ 47.865268300000025, 34.722448700000029 ], [ 47.797193800000059, 34.851163600000064 ], [ 47.858601200000066, 34.855777799000066 ], [ 47.908603700000072, 34.887732401000051 ], [ 47.926660300000037, 34.916339300000061 ], [ 47.922770300000082, 34.951891800000055 ], [ 47.952769600000067, 34.970511200000033 ], [ 47.999987101000045, 34.961271700000054 ], [ 48.040832, 34.986063300000069 ], [ 48.074444800000038, 34.961616700000036 ], [ 48.143890699000053, 34.970782200000031 ], [ 48.175836601000071, 34.998846100000037 ], [ 48.19222620000005, 35.09273950000005 ], [ 48.152503400000057, 35.118013400000052 ], [ 48.181392900000048, 35.161064600000032 ], [ 48.150613599000053, 35.20987260000004 ], [ 48.126946701000065, 35.22857410000006 ], [ 48.095833900000059, 35.228294400000038 ], [ 48.089720400000033, 35.269402500000069 ], [ 48.026660800000059, 35.370795800000053 ], [ 47.944714900000065, 35.389679 ], [ 47.866098700000066, 35.558298600000057 ], [ 47.89248819900007, 35.585527900000045 ], [ 47.974157499000057, 35.574131500000078 ], [ 48.049162700000068, 35.63913690000004 ], [ 48.123331800000074, 35.673305900000059 ], [ 48.211114100000032, 35.687469200000066 ], [ 48.251670300000058, 35.720248200000071 ], [ 48.296119800000042, 35.680527600000062 ], [ 48.391678900000045, 35.643023400000061 ], [ 48.442514800000026, 35.656087 ], [ 48.483627800000079, 35.645250400000066 ], [ 48.496127799000078, 35.598864001000038 ], [ 48.542797101000076, 35.584970200000043 ], [ 48.607799700000044, 35.603020500000071 ], [ 48.663912599000071, 35.598864199000047 ], [ 48.710305499000071, 35.551078300000029 ], [ 48.753084900000033, 35.570247100000074 ], [ 48.775031400000046, 35.601361900000029 ], [ 48.770031, 35.678581300000076 ], [ 48.732804900000076, 35.691644301000053 ], [ 48.735027701000035, 35.722746399000073 ], [ 48.779750600000057, 35.733582400000046 ] ] ] } },
{ "type": "Feature", "properties": { "Shape_Leng": 38.389503967700001, "Shape_Area": 6.3685123262700003, "ADM1_EN": "Hormozgan", "ADM1_FA": "هرمزگان", "ADM1_PCODE": "IR010", "ADM1_REF": null, "ADM1ALT1EN": null, "ADM1ALT2EN": null, "ADM1ALT1FA": null, "ADM1ALT2FA": null, "ADM0_EN": "Iran (Islamic Republic of)", "ADM0_FA": "ایران (جمهوری اسلامی)", "ADM0_PCODE": "IR", "date": "2019-04-09T00:00:00", "validOn": "2019-05-14T00:00:00", "validTo": null }, "geometry": { "type": "MultiPolygon", "coordinates": [ [ [ [ 59.214659400000073, 25.51253 ], [ 59.21799070000003, 25.467651400000022 ], [ 59.157141900000056, 25.448131700000033 ], [ 59.167131101000052, 25.468039200000078 ], [ 59.179074200000059, 25.463528300000064 ], [ 59.191035, 25.490110800000025 ], [ 59.181448301000046, 25.501801900000032 ], [ 59.195943300000067, 25.500222200000053 ], [ 59.214659400000073, 25.51253 ] ] ], [ [ [ 58.210888900000043, 25.568628100000069 ], [ 58.241850300000067, 25.572228600000074 ], [ 58.234071200000074, 25.56611920000006 ], [ 58.212640900000054, 25.567334 ], [ 58.210888900000043, 25.568628100000069 ] ] ], [ [ [ 58.310710200000074, 25.590669900000023 ], [ 58.343613600000083, 25.589599400000054 ], [ 58.303241100000037, 25.582244800000069 ], [ 58.310710200000074, 25.590669900000023 ] ] ], [ [ [ 58.385036500000069, 25.601564200000041 ], [ 58.372526879000077, 25.592537406000076 ], [ 58.347471005000045, 25.592031037000027 ], [ 58.363036300000033, 25.600869800000055 ], [ 58.385036500000069, 25.601564200000041 ] ] ], [ [ [ 58.52797570000007, 25.606315500000051 ], [ 58.520445500000051, 25.594300600000054 ], [ 58.530638146000058, 25.591147072000069 ], [ 58.510433300000045, 25.587842500000079 ], [ 58.499936400000081, 25.587950600000056 ], [ 58.497258500000044, 25.589393600000051 ], [ 58.52797570000007, 25.606315500000051 ] ] ], [ [ [ 58.535163899000054, 25.591444600000045 ], [ 58.534774, 25.605343300000072 ], [ 58.551529200000061, 25.606324800000039 ], [ 58.541443400000048, 25.594338 ], [ 58.559152500000039, 25.593231800000069 ], [ 58.535163899000054, 25.591444600000045 ] ] ], [ [ [ 58.001394198000071, 25.64331149800006 ], [ 58.026156700000058, 25.631286800000055 ], [ 58.02008660000007, 25.618462300000033 ], [ 58.03426840000003, 25.600863600000025 ], [ 58.013732599000036, 25.622366700000043 ], [ 58.001394198000071, 25.64331149800006 ] ] ], [ [ [ 57.796048600000063, 25.691397100000074 ], [ 57.805845400000067, 25.669983400000035 ], [ 57.790795400000036, 25.670065800000032 ], [ 57.796048600000063, 25.691397100000074 ] ] ], [ [ [ 55.039521800000045, 25.899857399000041 ], [ 55.056586700000082, 25.860379700000067 ], [ 55.034271329000035, 25.855940942000075 ], [ 55.009209103000046, 25.876370602000065 ], [ 55.039521800000045, 25.899857399000041 ] ] ], [ [ [ 54.544028001000072, 25.932531900000072 ], [ 54.552860400000043, 25.895270899000025 ], [ 54.494714400000078, 25.903485800000055 ], [ 54.502928323000049, 25.919625135000047 ], [ 54.544028001000072, 25.932531900000072 ] ] ], [ [ [ 55.141705, 26.247734300000047 ], [ 55.154854200000045, 26.241873700000042 ], [ 55.153400800000043, 26.236778400000048 ], [ 55.144057906000057, 26.234786229000065 ], [ 55.141705, 26.247734300000047 ] ] ], [ [ [ 55.314083444000062, 26.282109114000036 ], [ 55.322301700000082, 26.249114700000064 ], [ 55.293669400000056, 26.249563900000055 ], [ 55.288715, 26.270067601000051 ], [ 55.314083444000062, 26.282109114000036 ] ] ], [ [ [ 54.513229301000081, 26.31742949900007 ], [ 54.539687900000047, 26.287537200000031 ], [ 54.514970099000038, 26.249174599000071 ], [ 54.48529810000008, 26.294069700000023 ], [ 54.513229301000081, 26.31742949900007 ] ] ], [ [ [ 57.06873580000007, 26.351854699000057 ], [ 57.089269701000035, 26.310411800000054 ], [ 57.087555218000034, 26.308505739000054 ], [ 57.077471700000046, 26.324122200000033 ], [ 57.06873580000007, 26.351854699000057 ] ] ], [ [ [ 53.956345300000066, 26.574372200000028 ], [ 54.02280950100004, 26.562585900000045 ], [ 54.04882070900004, 26.523528546000023 ], [ 54.044164900000055, 26.506407699000079 ], [ 53.98259470000005, 26.494434200000057 ], [ 53.911642200000074, 26.521599200000026 ], [ 53.898105624000038, 26.548041377000061 ], [ 53.956345300000066, 26.574372200000028 ] ] ], [ [ [ 55.891630501000066, 26.685861101000057 ], [ 55.914372601000082, 26.659720100000072 ], [ 55.901852200000064, 26.629773600000078 ], [ 55.856789527000046, 26.611411291000024 ], [ 55.844823, 26.628772401000049 ], [ 55.891630501000066, 26.685861101000057 ] ] ], [ [ [ 53.611047, 26.695183900000075 ], [ 53.650742981000064, 26.687231603000043 ], [ 53.67169739600007, 26.677711423000062 ], [ 53.648278600000026, 26.655632199000024 ], [ 53.607544780000069, 26.663684554000042 ], [ 53.59381705900006, 26.684053529000039 ], [ 53.611047, 26.695183900000075 ] ] ], [ [ [ 53.157118680000053, 26.847110752000049 ], [ 53.347434900000053, 26.82206160000004 ], [ 53.388186900000051, 26.797233500000061 ], [ 53.303825751000034, 26.786157244000037 ], [ 53.233884100000068, 26.79791750000004 ], [ 53.170899200000065, 26.826706201000036 ], [ 53.157118680000053, 26.847110752000049 ] ] ], [ [ [ 56.367672500000026, 26.884815300000071 ], [ 56.412989700000082, 26.870098800000051 ], [ 56.367516900000055, 26.828935701000034 ], [ 56.322267929000077, 26.826996952000059 ], [ 56.319962100000055, 26.849578600000029 ], [ 56.367672500000026, 26.884815300000071 ] ] ], [ [ [ 56.916807500000061, 26.966079100000059 ], [ 56.945251100000064, 26.946121901000026 ], [ 56.941029599000046, 26.930928100000074 ], [ 56.925113400000043, 26.945912699000075 ], [ 56.916807500000061, 26.966079100000059 ] ] ], [ [ [ 56.156258300000047, 26.998538301000053 ], [ 56.217262082000047, 26.993730687000038 ], [ 56.275545600000044, 26.966445599000053 ], [ 56.286611500000049, 26.944707400000027 ], [ 56.265806700000041, 26.928874600000029 ], [ 56.201160300000026, 26.922238900000025 ], [ 56.172565760000055, 26.909636655000043 ], [ 56.171422799000027, 26.910602400000073 ], [ 56.167951300000027, 26.910082901000067 ], [ 56.165663, 26.908829200000071 ], [ 56.140399700000046, 26.841274100000078 ], [ 55.944179400000053, 26.690148900000054 ], [ 55.924897300000055, 26.685306600000047 ], [ 55.913138300000071, 26.717122601000028 ], [ 55.85367210000004, 26.734371301000067 ], [ 55.761343700000054, 26.682157700000062 ], [ 55.688838701000066, 26.685880700000041 ], [ 55.490694599000051, 26.589131700000053 ], [ 55.459214700000075, 26.595404100000053 ], [ 55.359530199000062, 26.561359300000049 ], [ 55.330930500000079, 26.571509500000047 ], [ 55.321321500000067, 26.546824100000038 ], [ 55.294210200000066, 26.537813700000072 ], [ 55.274537, 26.553101999000035 ], [ 55.277124700000059, 26.610350700000026 ], [ 55.260174200000051, 26.654416 ], [ 55.26894991000006, 26.659836963000032 ], [ 55.341373700000076, 26.642869200000064 ], [ 55.561060700000041, 26.711657700000046 ], [ 55.671631600000069, 26.768684799000027 ], [ 55.743696701000033, 26.764458201000025 ], [ 55.818363300000044, 26.789294700000028 ], [ 55.808834200000035, 26.840600400000028 ], [ 55.788798700000029, 26.854675800000052 ], [ 55.79856680000006, 26.864400100000069 ], [ 55.783419700000081, 26.86167110100007 ], [ 55.733813, 26.921296300000051 ], [ 55.734429101000046, 26.944775400000026 ], [ 55.782888700000058, 26.947129 ], [ 55.851911600000051, 26.90251980000005 ], [ 55.890972600000055, 26.899100800000042 ], [ 55.948970600000052, 26.916227800000058 ], [ 55.983748798000079, 26.949713087000077 ], [ 56.156258300000047, 26.998538301000053 ] ] ], [ [ [ 56.85110050000003, 27.065243800000076 ], [ 56.86449870000007, 27.065352400000052 ], [ 56.859192300000075, 27.05765769900006 ], [ 56.85110050000003, 27.065243800000076 ] ] ], [ [ [ 56.453211023000051, 27.101697615000035 ], [ 56.498372900000049, 27.076377501000024 ], [ 56.49584290100006, 27.04302830000006 ], [ 56.460315100000059, 27.033515200000068 ], [ 56.425942200000065, 27.045427400000051 ], [ 56.425541100000032, 27.075796 ], [ 56.453211023000051, 27.101697615000035 ] ] ], [ [ [ 56.04531030000004, 28.881260101000066 ], [ 56.060365200000035, 28.729818700000067 ], [ 56.034808700000042, 28.505365500000039 ], [ 56.036475200000041, 28.376201600000059 ], [ 56.055736100000047, 28.294623500000057 ], [ 56.104257400000051, 28.234802400000035 ], [ 56.25509499900005, 28.161199200000055 ], [ 56.444548700000041, 28.130639799000051 ], [ 56.652058800000077, 28.143136800000036 ], [ 56.749007400000039, 28.265365100000054 ], [ 56.992627, 28.241195 ], [ 57.005406600000072, 28.207021700000041 ], [ 57.008182900000065, 27.973972200000048 ], [ 57.204026500000055, 27.894795700000032 ], [ 57.416533, 27.890628 ], [ 57.425146400000074, 27.810074799000063 ], [ 57.475145100000077, 27.792570200000057 ], [ 57.325694100000078, 27.706458100000077 ], [ 57.223051200000043, 27.576840600000025 ], [ 57.229041399000039, 27.560046100000079 ], [ 57.260817200000076, 27.565585300000066 ], [ 57.301578200000051, 27.598046100000033 ], [ 57.358712500000081, 27.574488001000077 ], [ 57.309008100000028, 27.468500300000073 ], [ 57.325140500000032, 27.437571 ], [ 57.316254, 27.360623200000077 ], [ 57.386812900000052, 27.266175400000066 ], [ 57.544036801000061, 27.184509100000071 ], [ 57.598209100000076, 27.101172201000054 ], [ 57.748769, 27.000175900000045 ], [ 57.798492200000055, 26.943115400000067 ], [ 57.991835600000059, 26.915612500000066 ], [ 58.191845699000055, 26.77922280000007 ], [ 58.435468101000026, 26.732274800000027 ], [ 58.645197800000062, 26.558659600000055 ], [ 58.843814200000054, 26.483106500000076 ], [ 58.88437360000006, 26.423655800000063 ], [ 58.879653500000074, 26.353383 ], [ 58.943265799000073, 26.335596100000032 ], [ 58.976045300000067, 26.28671 ], [ 58.982984599000076, 26.217262701000038 ], [ 59.028823900000077, 26.166987 ], [ 59.021877200000063, 26.130869800000028 ], [ 59.082716300000072, 26.030312700000025 ], [ 59.080489200000045, 25.996152 ], [ 59.019096700000034, 25.973370600000067 ], [ 58.99771080000005, 25.937814001000049 ], [ 59.072156, 25.894481700000028 ], [ 59.083549100000027, 25.850866200000041 ], [ 59.218832999000028, 25.740587800000071 ], [ 59.211326600000064, 25.691416700000048 ], [ 59.235772500000053, 25.636700100000041 ], [ 59.210492600000066, 25.557801400000073 ], [ 59.214355600000033, 25.517100500000026 ], [ 59.177538900000059, 25.502895799000044 ], [ 59.186604199000044, 25.490747201000033 ], [ 59.153054700000041, 25.456435300000066 ], [ 59.148515800000041, 25.483173599000054 ], [ 59.138247800000045, 25.483934199000032 ], [ 59.149666099000058, 25.492070600000034 ], [ 59.149175300000081, 25.496450300000049 ], [ 59.137052800000049, 25.493695801000058 ], [ 59.137806100000034, 25.48261670100004 ], [ 59.145339700000079, 25.480270800000028 ], [ 59.143172200000038, 25.458612200000061 ], [ 59.122367800000063, 25.43999 ], [ 59.149058600000046, 25.440912800000035 ], [ 59.122087499000031, 25.428778600000044 ], [ 59.134466700000075, 25.418774700000029 ], [ 59.203793300000029, 25.442419200000074 ], [ 59.223811700000056, 25.463747200000057 ], [ 59.242147200000034, 25.443548600000042 ], [ 59.109475700000075, 25.403623500000037 ], [ 59.028167200000041, 25.412988600000062 ], [ 58.992705900000033, 25.431208500000025 ], [ 58.909710600000039, 25.518807400000071 ], [ 58.834553801000027, 25.539620400000047 ], [ 58.841562501000055, 25.552758900000072 ], [ 58.795067801000073, 25.574778799000057 ], [ 58.802913600000068, 25.572777200000075 ], [ 58.805133100000035, 25.572877800000072 ], [ 58.805083900000056, 25.573574999000073 ], [ 58.808234700000071, 25.571955801000058 ], [ 58.811520800000039, 25.574019400000054 ], [ 58.809834699000078, 25.575769200000025 ], [ 58.758787200000029, 25.575032400000055 ], [ 58.697976500000038, 25.567774601000053 ], [ 58.568458952000071, 25.591224794000027 ], [ 58.556543321000049, 25.602019533000032 ], [ 58.566421300000059, 25.605908600000078 ], [ 58.568753500000071, 25.613146100000051 ], [ 58.568417099000044, 25.617465699000036 ], [ 58.56616450100006, 25.607969799000045 ], [ 58.558040100000028, 25.605097200000046 ], [ 58.546240800000078, 25.614309500000047 ], [ 58.500917700000059, 25.598362 ], [ 58.494972300000029, 25.59945220000003 ], [ 58.494999500000063, 25.61308930000007 ], [ 58.492642300000057, 25.617487700000027 ], [ 58.490936600000055, 25.617247600000042 ], [ 58.479297600000052, 25.59395070000005 ], [ 58.494850600000063, 25.589675600000078 ], [ 58.458413233000044, 25.584692944000039 ], [ 58.470773499000074, 25.593007400000033 ], [ 58.459188599000072, 25.620398600000044 ], [ 58.457958, 25.58914690000006 ], [ 58.389929700000039, 25.595212900000035 ], [ 58.41455940000003, 25.599657500000035 ], [ 58.422156700000073, 25.608927300000062 ], [ 58.407941600000072, 25.606749100000059 ], [ 58.412086600000066, 25.619669100000067 ], [ 58.403978100000074, 25.607559101000049 ], [ 58.390661500000078, 25.634056400000077 ], [ 58.379503700000043, 25.626318900000058 ], [ 58.37084980000003, 25.639008900000078 ], [ 58.376902299000051, 25.622226500000068 ], [ 58.366203, 25.629789100000039 ], [ 58.356069001000037, 25.608850700000062 ], [ 58.32995040000003, 25.611339100000066 ], [ 58.341311200000064, 25.624873401000059 ], [ 58.34064230000007, 25.628482 ], [ 58.31948170000004, 25.614264700000035 ], [ 58.332742500000052, 25.607196600000066 ], [ 58.300882500000057, 25.600278700000047 ], [ 58.305909200000031, 25.605894800000044 ], [ 58.313540100000068, 25.623586300000056 ], [ 58.312953, 25.627189400000077 ], [ 58.311431800000037, 25.630805700000053 ], [ 58.29153399900008, 25.60177630000004 ], [ 58.286179700000048, 25.631802201000028 ], [ 58.287172500000054, 25.605289 ], [ 58.291525701000069, 25.601004400000079 ], [ 58.298890699000083, 25.599781600000028 ], [ 58.278935100000069, 25.591208499000061 ], [ 58.277447900000027, 25.598169200000029 ], [ 58.273713, 25.60720819900007 ], [ 58.27886710000007, 25.586997500000052 ], [ 58.263446, 25.602408100000048 ], [ 58.262024499000063, 25.602163200000064 ], [ 58.26059760000004, 25.601403399000048 ], [ 58.270933399000057, 25.585874400000023 ], [ 58.294442300000071, 25.577809700000046 ], [ 58.245077050000077, 25.568185265000068 ], [ 58.269223, 25.585117300000036 ], [ 58.253006800000037, 25.584608900000035 ], [ 58.253237900000045, 25.589629600000023 ], [ 58.251742200000081, 25.593709700000034 ], [ 58.245990899000049, 25.598042400000054 ], [ 58.249832600000047, 25.602976100000035 ], [ 58.24990710000003, 25.605896001000076 ], [ 58.231451901000071, 25.609629100000063 ], [ 58.248691801000064, 25.605126200000029 ], [ 58.244634, 25.598167900000078 ], [ 58.251324501000056, 25.582955500000025 ], [ 58.213281400000028, 25.580830900000024 ], [ 58.212420700000052, 25.597385899000074 ], [ 58.209788500000059, 25.600288700000078 ], [ 58.208723, 25.586713300000042 ], [ 58.214371001000075, 25.576319101000024 ], [ 58.198534700000039, 25.581596400000024 ], [ 58.20267640000003, 25.598546100000078 ], [ 58.194818200000043, 25.578796200000056 ], [ 58.188115900000071, 25.589658600000064 ], [ 58.175603700000067, 25.586929 ], [ 58.189721600000041, 25.579867 ], [ 58.177782200000081, 25.562647500000026 ], [ 58.200722, 25.563719300000059 ], [ 58.15790510000005, 25.560747599000024 ], [ 58.177228400000047, 25.562546100000077 ], [ 58.156544, 25.581934300000057 ], [ 58.129466900000068, 25.56902180000003 ], [ 58.128883701000063, 25.597590300000036 ], [ 58.108988601000078, 25.563517 ], [ 58.093905, 25.565286201000049 ], [ 58.037880900000062, 25.595602100000065 ], [ 58.078110500000037, 25.611185300000045 ], [ 58.027520901000059, 25.624843700000042 ], [ 58.030227899000067, 25.642581 ], [ 58.047278600000027, 25.644518500000061 ], [ 58.04337570000007, 25.65278119900006 ], [ 58.003911, 25.652800400000046 ], [ 58.000874400000043, 25.671099800000036 ], [ 57.991372936000062, 25.664226509000059 ], [ 57.937389199000052, 25.706039800000042 ], [ 57.764359500000069, 25.636144200000047 ], [ 57.778423, 25.688918700000045 ], [ 57.790159600000038, 25.681392500000072 ], [ 57.778499800000077, 25.670612700000049 ], [ 57.801548101000037, 25.664345500000024 ], [ 57.823574800000074, 25.687898700000062 ], [ 57.791545300000053, 25.69759780000004 ], [ 57.753187801000081, 25.740777900000069 ], [ 57.682738200000074, 25.743956100000048 ], [ 57.706410400000038, 25.75876930000004 ], [ 57.642067900000029, 25.737192499000059 ], [ 57.638698200000078, 25.74467050100003 ], [ 57.630754300000035, 25.747021300000029 ], [ 57.633464200000049, 25.749068300000033 ], [ 57.633050700000069, 25.75138620000007 ], [ 57.626345300000082, 25.754848300000049 ], [ 57.634955800000057, 25.735550500000045 ], [ 57.644054800000049, 25.73202230000004 ], [ 57.572627600000033, 25.743915800000025 ], [ 57.619774900000039, 25.739605300000051 ], [ 57.609878699000035, 25.749169100000074 ], [ 57.51906850000006, 25.744888601000071 ], [ 57.538399300000037, 25.746620001000053 ], [ 57.51093589900006, 25.770138100000054 ], [ 57.420537600000046, 25.765665801000068 ], [ 57.401270100000033, 25.777776600000038 ], [ 57.403223800000035, 25.772535100000027 ], [ 57.320270100000073, 25.783102400000075 ], [ 57.302455699000063, 25.79014520000004 ], [ 57.347685200000058, 25.782458 ], [ 57.305856500000061, 25.820768700000031 ], [ 57.303534800000079, 25.802373099000079 ], [ 57.293017900000052, 25.858560300000079 ], [ 57.304202800000041, 25.870386899000039 ], [ 57.292905497000049, 25.860803653000062 ], [ 57.253536600000075, 25.975629501000071 ], [ 57.228868700000078, 26.004532100000063 ], [ 57.202091855000049, 26.005891165000037 ], [ 57.188835800000049, 26.023689500000046 ], [ 57.197357600000032, 26.014149300000042 ], [ 57.203702200000066, 26.026444499000036 ], [ 57.190469200000052, 26.033668300000045 ], [ 57.185580099000049, 26.094923400000027 ], [ 57.225614500000063, 26.164349500000071 ], [ 57.186195100000077, 26.212786600000072 ], [ 57.141427100000044, 26.231880900000078 ], [ 57.143573901000082, 26.237797600000079 ], [ 57.148712300000057, 26.23933640000007 ], [ 57.152572200000066, 26.244736501000034 ], [ 57.147713601000078, 26.239080100000024 ], [ 57.14343290000005, 26.238697999000067 ], [ 57.141573600000072, 26.235483500000043 ], [ 57.138004500000079, 26.233170900000061 ], [ 57.118359100000077, 26.275907200000063 ], [ 57.122530300000051, 26.307041900000058 ], [ 57.111257200000068, 26.311940400000026 ], [ 57.127837001000046, 26.328911100000028 ], [ 57.093875100000048, 26.355957900000078 ], [ 57.105494200000066, 26.362470900000062 ], [ 57.106645399000058, 26.37181540000006 ], [ 57.079605400000048, 26.374237400000027 ], [ 57.065541800000062, 26.438030600000047 ], [ 57.089368500000035, 26.438951400000064 ], [ 57.105623300000047, 26.447674200000051 ], [ 57.054783199000042, 26.443987299000071 ], [ 57.089267200000052, 26.529043100000024 ], [ 57.086510600000054, 26.597826700000041 ], [ 57.035638299000027, 26.787181600000054 ], [ 56.953413700000056, 26.894562300000075 ], [ 56.984238700000049, 26.877337400000044 ], [ 56.969326599000055, 26.895625400000029 ], [ 56.995287500000074, 26.893340900000055 ], [ 56.988946100000078, 26.899081900000056 ], [ 57.00242940000004, 26.89725530000004 ], [ 57.009321901000078, 26.901880601000073 ], [ 57.01161, 26.907270801000038 ], [ 56.968295300000079, 26.899552700000072 ], [ 56.968010500000048, 26.922756100000072 ], [ 56.972874600000068, 26.919612400000062 ], [ 56.985928600000079, 26.923731400000065 ], [ 56.943939900000032, 26.932121 ], [ 56.959606201000042, 26.943390700000066 ], [ 56.947518, 26.952421800000025 ], [ 56.944334200000071, 26.966799800000047 ], [ 56.963525700000048, 26.968123900000023 ], [ 56.965805101000058, 26.954283300000043 ], [ 56.976571100000058, 26.959906801000045 ], [ 56.957990100000075, 26.976503600000058 ], [ 56.979955501000063, 27.023071400000049 ], [ 56.939125700000034, 27.029901400000028 ], [ 56.943946, 27.009429800000078 ], [ 56.929007700000057, 27.026193600000056 ], [ 56.922522099000048, 26.994042001000025 ], [ 56.906062450000036, 27.033189951000054 ], [ 56.907667900000035, 27.035824400000024 ], [ 56.915589900000043, 27.033551200000034 ], [ 56.918334601000026, 27.03420310000007 ], [ 56.921750200000076, 27.036702200000036 ], [ 56.917419700000039, 27.034710200000063 ], [ 56.934235, 27.051963600000079 ], [ 56.934816701000045, 27.056342201000064 ], [ 56.905778701000031, 27.036632699000052 ], [ 56.895925900000066, 27.020929700000067 ], [ 56.883613900000057, 27.028350700000033 ], [ 56.897038501000054, 27.04054780000007 ], [ 56.900010300000076, 27.048948900000028 ], [ 56.898984401000064, 27.055685800000049 ], [ 56.906431400000031, 27.057781101000046 ], [ 56.90836359900004, 27.059308300000055 ], [ 56.898865600000079, 27.055911700000024 ], [ 56.882839001000036, 27.030912 ], [ 56.87295460100006, 27.049456200000066 ], [ 56.857149100000072, 27.046190300000035 ], [ 56.870379100000036, 27.054745800000035 ], [ 56.871033500000067, 27.083465400000023 ], [ 56.902485800000079, 27.087664901000039 ], [ 56.890734401000032, 27.095629100000053 ], [ 56.867236300000059, 27.082968300000061 ], [ 56.863091100000076, 27.074602500000026 ], [ 56.857208600000035, 27.073969700000077 ], [ 56.840033254000048, 27.085676258000035 ], [ 56.848046900000043, 27.106772300000046 ], [ 56.865391, 27.101707500000032 ], [ 56.860233200000039, 27.112597700000038 ], [ 56.876870900000029, 27.114608701000066 ], [ 56.879257100000075, 27.122031400000026 ], [ 56.859920800000054, 27.113185500000043 ], [ 56.827136100000075, 27.127578500000027 ], [ 56.842326300000082, 27.147801500000071 ], [ 56.822829900000045, 27.127945700000055 ], [ 56.813132999000061, 27.154204400000026 ], [ 56.834795600000064, 27.168433500000049 ], [ 56.811558700000035, 27.16592859900004 ], [ 56.800693, 27.130731200000071 ], [ 56.769048199000054, 27.143793600000038 ], [ 56.771258200000034, 27.149378799000033 ], [ 56.768075700000054, 27.157559401000071 ], [ 56.749683, 27.146521500000063 ], [ 56.75299810000007, 27.153050399000051 ], [ 56.752268800000081, 27.165792600000032 ], [ 56.744268300000044, 27.143414200000052 ], [ 56.711459699000045, 27.163544200000047 ], [ 56.693657200000075, 27.147031300000037 ], [ 56.684845910000035, 27.159885341000063 ], [ 56.686421700000039, 27.16578940100004 ], [ 56.686309200000039, 27.166781400000048 ], [ 56.68576390000004, 27.167456700000059 ], [ 56.68249910000003, 27.153124300000059 ], [ 56.663878700000055, 27.163622200000077 ], [ 56.662112600000057, 27.145271700000023 ], [ 56.649876200000051, 27.145967100000064 ], [ 56.648497200000065, 27.163642200000027 ], [ 56.662277200000062, 27.163563900000042 ], [ 56.665972300000078, 27.184672800000044 ], [ 56.661470500000064, 27.197038300000031 ], [ 56.661173705000067, 27.168238412000051 ], [ 56.648149100000069, 27.165533900000071 ], [ 56.643027300000028, 27.161136 ], [ 56.638183600000048, 27.183161600000062 ], [ 56.62046040000007, 27.172421100000065 ], [ 56.621242599000027, 27.181916200000046 ], [ 56.624918300000047, 27.185940600000038 ], [ 56.624543200000062, 27.189360300000033 ], [ 56.595924900000057, 27.163206800000069 ], [ 56.592013, 27.164996199000029 ], [ 56.597894401000076, 27.180862300000058 ], [ 56.594468800000072, 27.183634401000063 ], [ 56.553686300000038, 27.170587800000078 ], [ 56.544154100000071, 27.185008500000038 ], [ 56.538763700000061, 27.172553200000038 ], [ 56.47038450000008, 27.163151801000026 ], [ 56.398025700000062, 27.176330600000028 ], [ 56.40366090100008, 27.180044401000032 ], [ 56.40908009900005, 27.207768200000032 ], [ 56.396246200000064, 27.186228500000027 ], [ 56.284022900000082, 27.178267800000071 ], [ 56.223970400000042, 27.151689900000065 ], [ 56.222801901000082, 27.151883499000064 ], [ 56.222244400000079, 27.152568200000076 ], [ 56.224416301000076, 27.153578400000072 ], [ 56.222904, 27.153752600000075 ], [ 56.222558400000082, 27.159157400000026 ], [ 56.220509800000059, 27.163165200000037 ], [ 56.221641100000056, 27.143177100000059 ], [ 56.224670999000068, 27.146133401000043 ], [ 56.220982500000048, 27.141385800000023 ], [ 56.209955600000058, 27.135640700000067 ], [ 56.209060800000032, 27.131592700000056 ], [ 56.208655400000055, 27.130908501000079 ], [ 56.207588200000032, 27.130011400000058 ], [ 56.205498701000067, 27.139206600000023 ], [ 56.216227900000035, 27.144441 ], [ 56.195779900000048, 27.143640800000071 ], [ 56.202075900000068, 27.128597800000023 ], [ 56.187558, 27.152779 ], [ 56.125517400000035, 27.149747400000024 ], [ 56.078910600000029, 27.101903 ], [ 56.067107799000041, 27.109315500000037 ], [ 56.047636901000033, 27.087928500000032 ], [ 55.981847300000027, 27.06946860000005 ], [ 55.985127121000062, 27.049638289000029 ], [ 55.958701400000052, 27.044385300000044 ], [ 55.971492805000082, 27.030227745000047 ], [ 55.947016, 27.02123430000006 ], [ 55.822492800000077, 27.000808800000073 ], [ 55.816724300000033, 27.044479200000069 ], [ 55.804795800000079, 27.036868001000073 ], [ 55.810002700000041, 27.000171100000045 ], [ 55.777537600000073, 26.997403 ], [ 55.78978920000003, 27.025938300000064 ], [ 55.783622200000082, 27.041653799000073 ], [ 55.785276800000076, 27.04767540000006 ], [ 55.784205, 27.050435300000061 ], [ 55.775424200000032, 27.014910800000052 ], [ 55.749450100000047, 27.031972300000064 ], [ 55.761572199000057, 27.04032060000003 ], [ 55.771003600000029, 27.059651900000063 ], [ 55.748332600000026, 27.036598600000048 ], [ 55.748724800000048, 27.030918800000052 ], [ 55.753579, 27.020025300000043 ], [ 55.767053200000078, 27.003650700000037 ], [ 55.748846600000036, 26.973946600000033 ], [ 55.687043200000062, 26.990766200000053 ], [ 55.642288800000074, 26.982305800000063 ], [ 55.560735399000066, 26.903743400000053 ], [ 55.51713170000005, 26.891322901000024 ], [ 55.50520750000004, 26.834826900000053 ], [ 55.523629700000072, 26.825328700000057 ], [ 55.490456, 26.776708800000051 ], [ 55.402127700000051, 26.754364200000055 ], [ 55.332169400000055, 26.787410300000033 ], [ 55.238257200000078, 26.777880300000049 ], [ 55.213075334000052, 26.730867194000041 ], [ 55.099408200000028, 26.696406200000069 ], [ 55.055647900000054, 26.642310500000065 ], [ 55.011908641000048, 26.629824340000027 ], [ 55.011714200000029, 26.635676901000068 ], [ 55.01027889900007, 26.640608300000054 ], [ 55.009668600000055, 26.640938600000027 ], [ 55.002962590000038, 26.626589640000077 ], [ 55.003796699000077, 26.633406400000069 ], [ 55.001957499000071, 26.641009200000042 ], [ 54.999881400000049, 26.643517200000076 ], [ 54.998147200000062, 26.644980600000054 ], [ 54.996189401000038, 26.645994200000075 ], [ 55.002788133000081, 26.626495337000051 ], [ 54.792739710000035, 26.495758726000076 ], [ 54.724045, 26.51479530000006 ], [ 54.620963162000066, 26.500671240000031 ], [ 54.559553900000026, 26.590440501000046 ], [ 54.40482250000008, 26.595621700000038 ], [ 54.315564100000074, 26.712463900000046 ], [ 54.323075300000028, 26.721863400000075 ], [ 54.307929243000046, 26.714045211000041 ], [ 54.28537440000008, 26.735804300000041 ], [ 54.292444529000079, 26.722143283000037 ], [ 54.192214798000066, 26.704234481000071 ], [ 54.090240600000072, 26.722269400000073 ], [ 54.010638099000062, 26.75772610000007 ], [ 53.939936787000079, 26.722776242000066 ], [ 53.83413580000007, 26.707843900000057 ], [ 53.75245, 26.730594200000041 ], [ 53.729129, 26.700464200000056 ], [ 53.697455300000058, 26.734988 ], [ 53.60839360600005, 26.770962036000071 ], [ 53.495398382000076, 26.847158370000045 ], [ 53.482122100000026, 26.952121900000066 ], [ 53.461056700000029, 26.979352900000038 ], [ 53.372364700000048, 26.99334760000005 ], [ 53.366022568000062, 26.998750681000047 ], [ 53.369784200000026, 27.00353750000005 ], [ 53.368903600000067, 27.005219200000056 ], [ 52.959316900000033, 27.138726100000042 ], [ 52.832536701000038, 27.202991900000029 ], [ 52.789275700000076, 27.250067799000078 ], [ 52.737929475000044, 27.274312336000037 ], [ 52.816566600000044, 27.323728201000051 ], [ 52.885227600000064, 27.292841100000032 ], [ 52.944676700000059, 27.329515600000036 ], [ 53.049678400000062, 27.275062100000071 ], [ 53.130793700000027, 27.272013600000037 ], [ 53.353580201000057, 27.191174100000069 ], [ 53.409696100000076, 27.113949899000033 ], [ 53.496088, 27.101174600000036 ], [ 53.541923899000039, 27.157843201000048 ], [ 53.632205800000065, 27.098396600000058 ], [ 53.793323200000032, 27.045617 ], [ 53.933327600000041, 27.123677799000063 ], [ 54.034999400000061, 27.230064 ], [ 54.015833, 27.274234999000043 ], [ 53.996386699000027, 27.273119899000051 ], [ 53.970830400000068, 27.307014399000025 ], [ 53.968607100000042, 27.35006640000006 ], [ 54.109448200000031, 27.408124 ], [ 54.353067700000054, 27.458684600000026 ], [ 54.628913401000034, 27.46785090000003 ], [ 54.948371599000041, 27.43590880000005 ], [ 55.139215200000081, 27.434235700000045 ], [ 55.256720100000052, 27.495629100000031 ], [ 55.331445700000074, 27.571737700000028 ], [ 55.410337800000036, 27.619512301000043 ], [ 55.444503800000064, 27.651462800000047 ], [ 55.480616800000064, 27.729244300000062 ], [ 55.567288700000063, 27.781466500000079 ], [ 55.580065200000035, 27.808690600000034 ], [ 55.500619900000061, 27.923411700000031 ], [ 55.386725, 27.998693001000049 ], [ 55.400614900000051, 28.067580900000053 ], [ 55.407838300000037, 28.418416800000045 ], [ 55.45117440000007, 28.55231660000004 ], [ 55.35088920000004, 28.660370700000044 ], [ 55.253940800000066, 28.72176410000003 ], [ 55.247831, 28.747038100000054 ], [ 55.333946400000059, 28.74064960000004 ], [ 55.447561199000063, 28.696481700000049 ], [ 55.518953500000066, 28.693706700000064 ], [ 55.815632200000039, 28.819538799000043 ], [ 56.04531030000004, 28.881260101000066 ] ] ] ] } },
{ "type": "Feature", "properties": { "Shape_Leng": 11.4545056688, "Shape_Area": 1.8905938019899999, "ADM1_EN": "Ilam", "ADM1_FA": "ایلام", "ADM1_PCODE": "IR011", "ADM1_REF": null, "ADM1ALT1EN": null, "ADM1ALT2EN": null, "ADM1ALT1FA": null, "ADM1ALT2FA": null, "ADM0_EN": "Iran (Islamic Republic of)", "ADM0_FA": "ایران (جمهوری اسلامی)", "ADM0_PCODE": "IR", "date": "2019-04-09T00:00:00", "validOn": "2019-05-14T00:00:00", "validTo": null }, "geometry": { "type": "Polygon", "coordinates": [ [ [ 46.069076900000027, 34.036594 ], [ 46.148525500000062, 33.989928500000076 ], [ 46.278254100000026, 33.950763300000062 ], [ 46.298530799000048, 33.995480100000066 ], [ 46.355756400000075, 33.970486300000061 ], [ 46.620770001000039, 33.831313400000056 ], [ 46.725219300000049, 33.741863800000033 ], [ 46.762718301000064, 33.771310799000048 ], [ 46.859667400000035, 33.733532 ], [ 46.900227500000028, 33.743534300000078 ], [ 46.920227100000034, 33.768530800000065 ], [ 46.974675900000079, 33.741864500000077 ], [ 46.998842600000046, 33.78186420000003 ], [ 46.997175300000038, 33.811590400000057 ], [ 47.052177800000038, 33.833255301000065 ], [ 47.092734200000052, 33.824363900000037 ], [ 47.106347601000039, 33.840477100000044 ], [ 47.137460100000055, 33.814641800000061 ], [ 47.295245400000056, 33.788536 ], [ 47.315801201000056, 33.819643301000042 ], [ 47.343301, 33.816032600000028 ], [ 47.386636900000042, 33.861311800000067 ], [ 47.319690700000081, 33.939094700000055 ], [ 47.318024300000047, 33.960487499000067 ], [ 47.391360200000065, 33.930483500000037 ], [ 47.421359900000027, 33.952427100000079 ], [ 47.485532300000045, 33.939095100000031 ], [ 47.506922300000042, 33.90715 ], [ 47.513865699000064, 33.828255600000034 ], [ 47.457473200000038, 33.805200400000047 ], [ 47.446363400000052, 33.770202200000028 ], [ 47.426360600000066, 33.766591300000073 ], [ 47.411360500000058, 33.737144299000079 ], [ 47.303855199000054, 33.723810700000058 ], [ 47.258022200000028, 33.746026801000028 ], [ 47.241909399000065, 33.725751400000036 ], [ 47.178850400000044, 33.7227 ], [ 47.155793800000026, 33.70297510000006 ], [ 47.086625199000025, 33.696583500000031 ], [ 47.068011400000046, 33.709917 ], [ 47.060235700000078, 33.664644200000055 ], [ 47.022456200000079, 33.628253800000039 ], [ 47.038013, 33.584640900000068 ], [ 46.992176800000038, 33.586301900000024 ], [ 46.942450600000029, 33.620471801000065 ], [ 46.884671400000059, 33.620191700000078 ], [ 46.845781600000066, 33.610477800000069 ], [ 46.864391500000067, 33.577698100000077 ], [ 46.842725400000063, 33.574637600000074 ], [ 46.840502100000037, 33.556302 ], [ 46.914117800000042, 33.48324769900006 ], [ 47.02356639900006, 33.424077400000044 ], [ 47.01023340100005, 33.384082100000057 ], [ 47.100236, 33.349359100000072 ], [ 47.106349600000044, 33.332412801000032 ], [ 47.151352001000078, 33.338525100000027 ], [ 47.179962100000068, 33.301860401000056 ], [ 47.201907900000037, 33.302411300000074 ], [ 47.195517901000073, 33.282683800000029 ], [ 47.225244300000043, 33.27324 ], [ 47.232464900000025, 33.247968899000057 ], [ 47.254411400000038, 33.252131200000065 ], [ 47.273300900000038, 33.23157290000006 ], [ 47.288300400000026, 33.237965201000065 ], [ 47.350803201000076, 33.217966900000079 ], [ 47.35664010000005, 33.202130500000067 ], [ 47.399695700000052, 33.197688400000061 ], [ 47.436918800000058, 33.170466800000042 ], [ 47.437475500000062, 33.153239800000051 ], [ 47.474145, 33.144906201000026 ], [ 47.492754800000057, 33.111291700000038 ], [ 47.52192460100008, 33.104628400000024 ], [ 47.541924300000062, 33.078796700000055 ], [ 47.552204500000073, 33.086019900000053 ], [ 47.592203900000072, 33.04518180000008 ], [ 47.809714701000075, 32.971848200000068 ], [ 47.84916079900006, 32.936291500000038 ], [ 47.871940601000063, 32.938232901000049 ], [ 47.892497, 32.91156970000003 ], [ 47.934443101000056, 32.899904100000072 ], [ 47.994169600000077, 32.843516501000067 ], [ 48.010002400000076, 32.779345400000068 ], [ 47.939443600000061, 32.762397200000066 ], [ 47.910277600000029, 32.721286400000054 ], [ 47.969390700000076, 32.658728800000063 ], [ 47.954666100000054, 32.635333901000024 ], [ 47.989208100000042, 32.612835200000063 ], [ 47.915218399000025, 32.602782300000058 ], [ 47.932857600000034, 32.582409100000064 ], [ 47.900508900000034, 32.567615899000032 ], [ 47.918224300000077, 32.553814300000056 ], [ 47.944046, 32.561572 ], [ 47.932800200000031, 32.534949900000072 ], [ 47.955834200000027, 32.535732100000075 ], [ 47.942577300000039, 32.517010500000026 ], [ 47.980598501000031, 32.536351100000047 ], [ 48.01606380000004, 32.523356700000079 ], [ 48.035625500000037, 32.355350800000053 ], [ 47.971710199000029, 32.327457301000038 ], [ 47.961776800000052, 32.295403400000055 ], [ 47.984081300000071, 32.262748500000043 ], [ 47.810062500000072, 32.116073 ], [ 47.662449, 32.048563999000066 ], [ 47.646058, 32.059732 ], [ 47.650965, 32.083276 ], [ 47.59850300100004, 32.117046 ], [ 47.558923, 32.11518 ], [ 47.529201, 32.141752 ], [ 47.527892, 32.170546 ], [ 47.565278, 32.193232 ], [ 47.56696, 32.225089 ], [ 47.541681, 32.231644 ], [ 47.499849, 32.277875001000041 ], [ 47.521554, 32.289286 ], [ 47.519493999000076, 32.304516 ], [ 47.46314, 32.31431599900003 ], [ 47.453734, 32.344088 ], [ 47.435256001000027, 32.351867 ], [ 47.465348, 32.391316 ], [ 47.379567, 32.473212 ], [ 47.283461, 32.49637 ], [ 47.247204, 32.463729 ], [ 47.168401001000063, 32.457280999000034 ], [ 46.887238, 32.631954 ], [ 46.720614999000077, 32.78596 ], [ 46.622615, 32.822218 ], [ 46.447421001000066, 32.933275 ], [ 46.266369, 32.972447 ], [ 46.159405, 32.955131 ], [ 46.096511001000067, 32.98168 ], [ 46.099162, 33.019813 ], [ 46.129911, 33.020975 ], [ 46.164625, 33.069428 ], [ 46.04037, 33.094539 ], [ 46.053173500000071, 33.128255401000047 ], [ 46.125454, 33.11708 ], [ 46.212346, 33.197072 ], [ 46.180584, 33.206344 ], [ 46.189827001000026, 33.263970001000075 ], [ 46.134, 33.292185 ], [ 46.080962, 33.351755 ], [ 46.077601, 33.389648 ], [ 46.045827, 33.419973 ], [ 46.025945, 33.481181 ], [ 46.004954, 33.488585 ], [ 46.007252, 33.50781 ], [ 45.939491, 33.481894 ], [ 45.863003, 33.493148 ], [ 45.961002, 33.56133 ], [ 45.905254, 33.606284 ], [ 45.916596, 33.627614 ], [ 45.907062, 33.638097 ], [ 45.814716, 33.628415 ], [ 45.753165, 33.592917 ], [ 45.771670001000075, 33.636936 ], [ 45.69252, 33.69097 ], [ 45.770175399000038, 33.704081599000062 ], [ 45.851010200000076, 33.794923100000062 ], [ 45.859623500000055, 33.843253799000024 ], [ 45.921569201000068, 33.837973200000079 ], [ 45.96934820000007, 33.858807500000069 ], [ 45.853790200000049, 33.926588899000024 ], [ 45.844623500000068, 33.94909210000003 ], [ 45.867399500000033, 33.989088299000059 ], [ 45.919349100000034, 33.968815100000029 ], [ 45.981018300000073, 33.971866300000045 ], [ 46.069076900000027, 34.036594 ] ] ] } },
{ "type": "Feature", "properties": { "Shape_Leng": 19.1983505026, "Shape_Area": 10.356070387899999, "ADM1_EN": "Isfahan", "ADM1_FA": "اصفهان", "ADM1_PCODE": "IR012", "ADM1_REF": null, "ADM1ALT1EN": null, "ADM1ALT2EN": null, "ADM1ALT1FA": null, "ADM1ALT2FA": null, "ADM0_EN": "Iran (Islamic Republic of)", "ADM0_FA": "ایران (جمهوری اسلامی)", "ADM0_PCODE": "IR", "date": "2019-04-09T00:00:00", "validOn": "2019-05-14T00:00:00", "validTo": null }, "geometry": { "type": "Polygon", "coordinates": [ [ [ 51.82851, 34.505500900000072 ], [ 51.977681600000039, 34.442441100000053 ], [ 52.139633, 34.402725401000055 ], [ 52.39436980000005, 34.429392500000063 ], [ 52.563544400000069, 34.404945600000076 ], [ 52.74855210000004, 34.333272600000043 ], [ 52.880500501000029, 34.249105899000028 ], [ 55.478678200000047, 34.251885400000049 ], [ 55.497844, 33.529091901000072 ], [ 55.385895400000038, 33.364363800000035 ], [ 55.222554100000082, 33.324087999000028 ], [ 55.104492300000061, 33.236312100000077 ], [ 54.991710400000045, 33.125745699000049 ], [ 54.897261600000036, 33.180198700000062 ], [ 54.790313001000072, 33.117971800000078 ], [ 54.744753499000069, 33.065748500000041 ], [ 54.550022800000079, 33.09074970000006 ], [ 54.348348800000053, 33.052963500000033 ], [ 54.307512600000052, 33.030192300000067 ], [ 54.28362300100008, 32.960189700000058 ], [ 54.224177100000077, 32.898800300000062 ], [ 54.163617800000054, 32.865744300000074 ], [ 53.941384, 32.798801199000025 ], [ 53.842492, 32.686015500000053 ], [ 53.462473700000032, 32.69518030100005 ], [ 53.186627400000077, 32.617680900000039 ], [ 53.015233100000046, 32.515458600000045 ], [ 53.051066001000038, 32.414617700000065 ], [ 53.058846, 32.332115900000076 ], [ 53.042456401000038, 31.989888200000053 ], [ 53.009677, 31.854606600000068 ], [ 53.053013100000044, 31.745990300000074 ], [ 53.140238500000066, 31.680433600000072 ], [ 53.198017700000037, 31.613487600000042 ], [ 53.194407800000079, 31.573212 ], [ 52.993840600000055, 31.495434200000034 ], [ 52.754944, 31.496264600000075 ], [ 52.559656600000039, 31.512379700000054 ], [ 52.393538900000067, 31.548212500000034 ], [ 52.345203, 31.571821300000067 ], [ 52.247420900000066, 31.661545500000045 ], [ 52.130469100000028, 31.656552601000044 ], [ 52.046300400000064, 31.59571 ], [ 51.936572100000035, 31.413486600000056 ], [ 51.967961799000079, 31.194316700000059 ], [ 51.89851629900005, 31.027365300000042 ], [ 51.897683100000052, 30.989309800000058 ], [ 51.835457499000029, 30.893478900000048 ], [ 51.85851370000006, 30.800414500000045 ], [ 51.832680900000071, 30.740413500000045 ], [ 51.787398100000075, 30.700973500000032 ], [ 51.739899100000059, 30.719023700000037 ], [ 51.508498600000053, 30.878477500000031 ], [ 51.377660500000047, 30.99653040000004 ], [ 51.34210070000006, 31.062640700000031 ], [ 51.327100900000062, 31.121260600000028 ], [ 51.337100500000076, 31.296532400000046 ], [ 51.293487700000071, 31.364040900000077 ], [ 51.314044100000046, 31.379875499000036 ], [ 51.303767500000049, 31.420988199000078 ], [ 51.25959799900005, 31.460711100000026 ], [ 51.296544101000052, 31.515710100000035 ], [ 51.30543379900007, 31.661824600000045 ], [ 51.369046300000036, 31.712655500000039 ], [ 51.285430500000075, 31.802102700000034 ], [ 51.296820300000036, 31.822941300000025 ], [ 51.412105501000042, 31.861828700000046 ], [ 51.428215100000045, 31.926828200000045 ], [ 51.413215401000059, 31.952380300000073 ], [ 51.434048400000052, 31.970167500000059 ], [ 51.429325, 31.999891400000024 ], [ 51.41432530000003, 32.032387100000051 ], [ 51.378492300000062, 32.052666600000066 ], [ 51.385712100000035, 32.091555500000027 ], [ 51.34571260000007, 32.139618100000064 ], [ 51.233760800000027, 32.174335599000074 ], [ 51.144311900000048, 32.287671900000078 ], [ 50.973194, 32.388232200000061 ], [ 50.96847050000008, 32.433505801000024 ], [ 51.007916600000044, 32.524062100000037 ], [ 50.99653, 32.554626800000051 ], [ 50.930690800000036, 32.600180200000068 ], [ 50.91708090000003, 32.664903001000027 ], [ 50.852355101000057, 32.712126700000056 ], [ 50.778739399000074, 32.699620799000058 ], [ 50.651846301000035, 32.710514500000045 ], [ 50.614758400000028, 32.68789829900004 ], [ 50.57887850000003, 32.691238500000054 ], [ 50.565016, 32.672331300000053 ], [ 50.562209700000039, 32.68830870000005 ], [ 50.548673, 32.679906100000039 ], [ 50.549884800000029, 32.713897300000042 ], [ 50.527062699000055, 32.717959300000075 ], [ 50.478450200000054, 32.69073559900005 ], [ 50.458170500000051, 32.660730799000078 ], [ 50.517616200000077, 32.631565999000031 ], [ 50.491226800000049, 32.591285601000038 ], [ 50.345388900000046, 32.539068300000054 ], [ 50.292052699000067, 32.54100950000003 ], [ 50.153711100000066, 32.663791501000048 ], [ 50.058985800000073, 32.63045470000003 ], [ 50.000649999000075, 32.628513400000031 ], [ 49.795085400000062, 32.759628600000042 ], [ 49.767306, 32.764071100000024 ], [ 49.731469600000025, 32.807682600000078 ], [ 49.748692500000061, 32.855736500000035 ], [ 49.682300200000043, 32.899076700000023 ], [ 49.637300599000071, 32.974632799000062 ], [ 49.70785630000006, 32.982407 ], [ 49.653686900000082, 33.010189400000058 ], [ 49.668966700000055, 33.050188099000025 ], [ 49.722026, 33.084353800000031 ], [ 49.837308, 33.049908400000049 ], [ 49.863697501000047, 33.069077100000072 ], [ 49.921479900000065, 33.07213790000003 ], [ 49.918700100000081, 33.100470800000039 ], [ 49.87675390000004, 33.132135100000028 ], [ 49.890643500000067, 33.144631100000026 ], [ 49.87147710000005, 33.191301 ], [ 49.88953360000005, 33.219633300000055 ], [ 49.94703589900007, 33.229916901000024 ], [ 49.937589200000048, 33.247143699000048 ], [ 50.000091900000029, 33.306028300000037 ], [ 50.018148001000043, 33.368532300000027 ], [ 49.947868800000037, 33.387419601000033 ], [ 49.959812, 33.415750401000025 ], [ 49.990368400000079, 33.419921400000078 ], [ 49.972035100000028, 33.467698600000062 ], [ 49.983701600000074, 33.492417601000056 ], [ 50.191769099000055, 33.531039700000065 ], [ 50.235381400000051, 33.60353340000006 ], [ 50.273161300000027, 33.582426500000054 ], [ 50.337053500000081, 33.615757 ], [ 50.453725299000041, 33.634652100000039 ], [ 50.574283600000058, 33.63076140000004 ], [ 50.595673300000044, 33.66215040000003 ], [ 50.704011700000081, 33.727148100000079 ], [ 50.892632800000058, 33.707152701000041 ], [ 51.023751100000027, 33.786042200000054 ], [ 51.049584, 33.820209600000055 ], [ 51.032084201000032, 33.852986399000031 ], [ 51.049860500000079, 33.907986700000038 ], [ 51.020619300000078, 33.994851900000072 ], [ 51.050454100000081, 34.03837149900005 ], [ 50.908188700000039, 34.151882601000068 ], [ 50.994860800000026, 34.234664 ], [ 51.01458370000006, 34.294112399000028 ], [ 51.003193800000076, 34.35327 ], [ 51.021250100000032, 34.382446500000071 ], [ 51.177368100000081, 34.444389700000045 ], [ 51.325986400000033, 34.441059900000027 ], [ 51.82851, 34.505500900000072 ] ] ] } },
{ "type": "Feature", "properties": { "Shape_Leng": 19.844449189300001, "Shape_Area": 16.6957880667, "ADM1_EN": "Kerman", "ADM1_FA": "کرمان", "ADM1_PCODE": "IR013", "ADM1_REF": null, "ADM1ALT1EN": null, "ADM1ALT2EN": null, "ADM1ALT1FA": null, "ADM1ALT2FA": null, "ADM0_EN": "Iran (Islamic Republic of)", "ADM0_FA": "ایران (جمهوری اسلامی)", "ADM0_PCODE": "IR", "date": "2019-04-09T00:00:00", "validOn": "2019-05-14T00:00:00", "validTo": null }, "geometry": { "type": "Polygon", "coordinates": [ [ [ 56.845961100000068, 31.960163100000045 ], [ 57.000135700000044, 31.942944500000067 ], [ 57.102637400000049, 31.899605200000053 ], [ 57.253755400000045, 31.878215500000067 ], [ 57.367927, 31.842939400000034 ], [ 57.533491500000082, 31.823491100000069 ], [ 58.005458, 31.690434399000026 ], [ 58.229354700000044, 31.582652500000052 ], [ 58.499923700000068, 31.392376600000034 ], [ 58.621875500000044, 31.27403350000003 ], [ 58.780492999000046, 31.15541550100005 ], [ 59.058555200000058, 31.008478 ], [ 59.074114800000075, 30.985695300000032 ], [ 59.078561200000081, 30.907916600000078 ], [ 59.193839300000036, 30.816800700000044 ], [ 59.46496140000005, 30.515404900000078 ], [ 59.424961200000041, 30.252625901000044 ], [ 59.449406600000032, 29.993447500000059 ], [ 59.433573600000045, 29.871778500000062 ], [ 59.463571700000045, 29.374269100000049 ], [ 59.494404200000076, 29.244542200000069 ], [ 59.570795899000075, 29.082039100000031 ], [ 59.505516800000066, 28.999819900000034 ], [ 59.496903200000077, 28.96093 ], [ 59.550515499000028, 28.815929200000028 ], [ 59.562741500000072, 28.690367600000059 ], [ 59.546075, 28.623697100000072 ], [ 59.565241100000037, 28.509810500000071 ], [ 59.536348001000079, 28.473139700000047 ], [ 59.230506299000069, 28.476473200000044 ], [ 59.06234839900003, 28.417183600000044 ], [ 59.122547800000063, 28.363219100000038 ], [ 59.126160301000027, 28.298492700000054 ], [ 59.161439200000075, 28.250718600000027 ], [ 59.148384300000032, 28.127376300000037 ], [ 59.128104600000029, 28.112376400000073 ], [ 59.033903801000065, 28.115130400000055 ], [ 58.953822700000046, 28.057574500000044 ], [ 58.931603100000075, 28.022302 ], [ 58.928822800000034, 27.963680300000078 ], [ 58.890490100000079, 27.898123500000054 ], [ 58.901042600000039, 27.576456800000074 ], [ 58.831036400000073, 27.253673500000048 ], [ 58.848542200000054, 27.101727700000026 ], [ 58.876874901000065, 27.037279400000045 ], [ 58.912987600000065, 26.99992960000003 ], [ 58.864374800000064, 26.908663600000068 ], [ 58.850208400000042, 26.833110500000032 ], [ 58.899374, 26.791163500000039 ], [ 58.990492600000039, 26.75922 ], [ 58.997992200000056, 26.685329900000056 ], [ 59.017711900000052, 26.656159199000058 ], [ 58.999658800000077, 26.596439 ], [ 59.037438200000054, 26.550601900000061 ], [ 59.006045101000041, 26.528102500000045 ], [ 59.000355100000036, 26.500322900000072 ], [ 58.922433100000035, 26.515043500000047 ], [ 58.843261, 26.483106600000042 ], [ 58.690477, 26.536716600000034 ], [ 58.596305200000074, 26.588939200000027 ], [ 58.435468101000026, 26.732274800000027 ], [ 58.191845699000055, 26.77922280000007 ], [ 57.991835600000059, 26.915612500000066 ], [ 57.78627240000003, 26.951447400000063 ], [ 57.748769, 27.000175900000045 ], [ 57.598209100000076, 27.101172201000054 ], [ 57.544036801000061, 27.184509100000071 ], [ 57.400145701000042, 27.255896800000073 ], [ 57.324587199000064, 27.335899200000028 ], [ 57.325140500000032, 27.437571 ], [ 57.309008100000028, 27.468500300000073 ], [ 57.358712500000081, 27.574488001000077 ], [ 57.301578200000051, 27.598046100000033 ], [ 57.260817200000076, 27.565585300000066 ], [ 57.224882500000035, 27.563720901000067 ], [ 57.227739100000065, 27.59307780000006 ], [ 57.311254800000029, 27.693680200000074 ], [ 57.38042, 27.747294600000032 ], [ 57.474872101000074, 27.790077300000064 ], [ 57.425146400000074, 27.810074799000063 ], [ 57.416533, 27.890628 ], [ 57.204026500000055, 27.894795700000032 ], [ 57.008182900000065, 27.973972200000048 ], [ 57.005130099000041, 28.210911701000043 ], [ 56.984017100000074, 28.243977599000061 ], [ 56.749007400000039, 28.265365100000054 ], [ 56.652058800000077, 28.143136800000036 ], [ 56.444548700000041, 28.130639799000051 ], [ 56.25509499900005, 28.161199200000055 ], [ 56.123980500000073, 28.218971800000077 ], [ 56.055921500000068, 28.294255300000032 ], [ 56.036475200000041, 28.376201600000059 ], [ 56.034808700000042, 28.505365500000039 ], [ 56.060365200000035, 28.729818700000067 ], [ 56.054806101000054, 28.879300500000056 ], [ 55.815632200000039, 28.819538799000043 ], [ 55.518953500000066, 28.693706700000064 ], [ 55.447561199000063, 28.696481700000049 ], [ 55.333946400000059, 28.74064960000004 ], [ 55.247831, 28.747038100000054 ], [ 55.27727740000006, 29.033435 ], [ 55.262277700000027, 29.094546600000058 ], [ 55.165325800000062, 29.252327600000058 ], [ 54.983932001000028, 29.394831800000077 ], [ 54.816144500000064, 29.593725099000039 ], [ 54.561411600000042, 29.62649730000004 ], [ 54.541132, 29.891781600000058 ], [ 54.54502210000004, 30.189293900000052 ], [ 54.336681800000065, 30.380965500000059 ], [ 54.480019700000071, 30.478466100000048 ], [ 54.559468600000059, 30.58263240000008 ], [ 54.533079100000066, 31.014033900000072 ], [ 54.711696599000049, 31.065981800000031 ], [ 54.946429900000055, 31.028196300000047 ], [ 55.210609600000055, 31.091256500000043 ], [ 55.494789001000072, 31.185976 ], [ 55.600904200000059, 31.243759200000056 ], [ 55.740075600000068, 31.27459650000003 ], [ 55.938419701000043, 31.376815800000031 ], [ 55.963976100000082, 31.43071180000004 ], [ 56.012865200000078, 31.464873700000055 ], [ 56.035088500000029, 31.570430700000031 ], [ 56.121195300000068, 31.590671200000031 ], [ 56.160502200000053, 31.552608300000031 ], [ 56.212876, 31.548491900000045 ], [ 56.315381400000035, 31.578492800000049 ], [ 56.495112299000027, 31.685714300000029 ], [ 56.57928110000006, 31.711544900000035 ], [ 56.604837800000041, 31.922106001000031 ], [ 56.845961100000068, 31.960163100000045 ] ] ] } },
{ "type": "Feature", "properties": { "Shape_Leng": 11.507398612199999, "Shape_Area": 2.4467676808399998, "ADM1_EN": "Kermanshah", "ADM1_FA": "کرمانشاه", "ADM1_PCODE": "IR014", "ADM1_REF": null, "ADM1ALT1EN": null, "ADM1ALT2EN": null, "ADM1ALT1FA": null, "ADM1ALT2FA": null, "ADM0_EN": "Iran (Islamic Republic of)", "ADM0_FA": "ایران (جمهوری اسلامی)", "ADM0_PCODE": "IR", "date": "2019-04-09T00:00:00", "validOn": "2019-05-14T00:00:00", "validTo": null }, "geometry": { "type": "Polygon", "coordinates": [ [ [ 46.157909601000028, 35.283279800000059 ], [ 46.347138600000051, 35.170512600000052 ], [ 46.446591201000047, 35.053840100000059 ], [ 46.499647100000061, 35.036340600000074 ], [ 46.556223101000057, 34.921901200000036 ], [ 46.639932700000031, 34.869397400000025 ], [ 46.743548300000043, 34.839950800000054 ], [ 46.735492, 34.78744290000003 ], [ 46.78299480000004, 34.739390200000059 ], [ 46.894943, 34.764391600000067 ], [ 47.01328539900004, 34.746058500000061 ], [ 47.08856430000003, 34.757724600000074 ], [ 47.060231600000066, 34.781335800000079 ], [ 47.067174600000044, 34.792451100000051 ], [ 47.10634420000008, 34.788003300000071 ], [ 47.125233499000046, 34.803557400000045 ], [ 47.072174501000063, 34.851057601000036 ], [ 47.08106360000005, 34.890779699000063 ], [ 47.111900100000071, 34.906062 ], [ 47.173289599000043, 34.903283600000066 ], [ 47.159679001000029, 34.961064300000032 ], [ 47.173289501000056, 34.972448800000052 ], [ 47.214125599000056, 34.937167600000066 ], [ 47.243294800000058, 34.953288400000076 ], [ 47.281908201000078, 34.927731600000072 ], [ 47.326630900000055, 34.938566200000025 ], [ 47.332740400000034, 34.954668900000058 ], [ 47.308297500000037, 35.006340300000033 ], [ 47.354966500000046, 35.018004100000041 ], [ 47.36080000100003, 35.052732999000057 ], [ 47.466638600000067, 35.050514200000066 ], [ 47.560254100000066, 35.073011 ], [ 47.728592, 35.06217810000004 ], [ 47.803041400000041, 35.014956200000029 ], [ 47.805264600000044, 34.980515 ], [ 47.839987801000063, 34.938838 ], [ 47.927213300000062, 34.929952401000037 ], [ 47.917770400000052, 34.895508900000038 ], [ 47.863601, 34.858006200000034 ], [ 47.797193800000059, 34.851163600000064 ], [ 47.865268300000025, 34.722448700000029 ], [ 47.855545100000029, 34.653559800000039 ], [ 47.873044801000049, 34.629387200000053 ], [ 47.954717300000027, 34.62271910000004 ], [ 47.999440199000048, 34.586608200000057 ], [ 48.034443200000055, 34.588557300000048 ], [ 48.04971960000006, 34.620499700000039 ], [ 48.101389401000063, 34.529669900000044 ], [ 48.090556, 34.493556600000034 ], [ 48.105002900000045, 34.467441300000075 ], [ 48.085833200000081, 34.418268499000078 ], [ 48.044443801000057, 34.38966109900008 ], [ 47.989713, 34.401306900000066 ], [ 47.993628700000045, 34.364661001000059 ], [ 47.952495100000078, 34.345494600000052 ], [ 47.886659300000076, 34.255209200000024 ], [ 47.848323300000061, 34.278547900000035 ], [ 47.82804660000005, 34.323825900000031 ], [ 47.731931200000076, 34.372712400000069 ], [ 47.695261600000038, 34.375491800000077 ], [ 47.678871900000047, 34.351053200000024 ], [ 47.694428401000039, 34.276047600000027 ], [ 47.564977200000044, 34.182148400000074 ], [ 47.488308, 34.182987600000047 ], [ 47.476641501000074, 34.158817100000078 ], [ 47.486918501000048, 34.113264500000071 ], [ 47.431915900000035, 34.096313700000053 ], [ 47.423583, 34.064650699000026 ], [ 47.498032100000046, 33.977150800000061 ], [ 47.49275190000003, 33.948536900000079 ], [ 47.421359900000027, 33.952427100000079 ], [ 47.391360200000065, 33.930483500000037 ], [ 47.314967900000056, 33.957147700000064 ], [ 47.386636900000042, 33.861311800000067 ], [ 47.343301, 33.816032600000028 ], [ 47.315801201000056, 33.819643301000042 ], [ 47.295245400000056, 33.788536 ], [ 47.137460100000055, 33.814641800000061 ], [ 47.106347601000039, 33.840477100000044 ], [ 47.092734200000052, 33.824363900000037 ], [ 47.052177800000038, 33.833255301000065 ], [ 46.997175300000038, 33.811590400000057 ], [ 46.998842600000046, 33.78186420000003 ], [ 46.974675900000079, 33.741864500000077 ], [ 46.920227100000034, 33.768530800000065 ], [ 46.900227500000028, 33.743534300000078 ], [ 46.859667400000035, 33.733532 ], [ 46.762718301000064, 33.771310799000048 ], [ 46.725219300000049, 33.741863800000033 ], [ 46.620770001000039, 33.831313400000056 ], [ 46.355756400000075, 33.970486300000061 ], [ 46.298530799000048, 33.995480100000066 ], [ 46.278254100000026, 33.950763300000062 ], [ 46.148525500000062, 33.989928500000076 ], [ 46.054910200000052, 34.037704101000031 ], [ 46.013797801000067, 33.984647700000039 ], [ 45.98323780000004, 33.972416800000076 ], [ 45.919349100000034, 33.968815100000029 ], [ 45.867399500000033, 33.989088299000059 ], [ 45.844623500000068, 33.94909210000003 ], [ 45.853790200000049, 33.926588899000024 ], [ 45.96934820000007, 33.858807500000069 ], [ 45.921569201000068, 33.837973200000079 ], [ 45.859623500000055, 33.843253799000024 ], [ 45.851010200000076, 33.794923100000062 ], [ 45.770175399000038, 33.704081599000062 ], [ 45.683079, 33.693239 ], [ 45.641847, 33.734418 ], [ 45.639132, 33.779214999000033 ], [ 45.603272, 33.803023 ], [ 45.511585, 33.945574 ], [ 45.431545001000075, 33.945556 ], [ 45.407661, 33.977255 ], [ 45.466848, 34.009822 ], [ 45.473516, 34.075608 ], [ 45.581594, 34.146130001000074 ], [ 45.554874, 34.195116 ], [ 45.581097, 34.239560001000029 ], [ 45.583566, 34.302663 ], [ 45.538075, 34.352107 ], [ 45.507602001000066, 34.352186 ], [ 45.496178, 34.336866999000051 ], [ 45.439814, 34.458932 ], [ 45.469043, 34.477832 ], [ 45.521255, 34.480982 ], [ 45.527084, 34.528052 ], [ 45.51199, 34.551634999000044 ], [ 45.531462600000054, 34.601898200000051 ], [ 45.594686999000032, 34.549888800000076 ], [ 45.683471700000041, 34.559576900000025 ], [ 45.74320410100006, 34.538034700000026 ], [ 45.724757, 34.635337 ], [ 45.711139001000049, 34.66908 ], [ 45.696837, 34.669570001000068 ], [ 45.702625, 34.693772 ], [ 45.653259, 34.72311 ], [ 45.69876, 34.77002 ], [ 45.689538, 34.815161 ], [ 45.73689, 34.846417 ], [ 45.736536, 34.831227 ], [ 45.753623, 34.828685 ], [ 45.792074, 34.853026 ], [ 45.78843099900007, 34.912296 ], [ 45.865039999000032, 34.896328 ], [ 45.871785, 34.935371 ], [ 45.897312, 34.959992 ], [ 45.876525, 35.031512999000029 ], [ 45.930794999000057, 35.045347001000039 ], [ 45.921987, 35.095489001000033 ], [ 45.998198, 35.061934999000073 ], [ 46.015202, 35.071155 ], [ 46.059426, 35.037953 ], [ 46.08028, 35.05592 ], [ 46.071919, 35.083131 ], [ 46.116562, 35.074065 ], [ 46.191291, 35.110888 ], [ 46.155059, 35.128999 ], [ 46.154758, 35.159001 ], [ 46.201247, 35.201229 ], [ 46.177792, 35.228359 ], [ 46.108403, 35.241129 ], [ 46.157909601000028, 35.283279800000059 ] ] ] } },
{ "type": "Feature", "properties": { "Shape_Leng": 22.9923261285, "Shape_Area": 5.9853013313499996, "ADM1_EN": "Khuzestan", "ADM1_FA": "خوزستان", "ADM1_PCODE": "IR015", "ADM1_REF": null, "ADM1ALT1EN": null, "ADM1ALT2EN": null, "ADM1ALT1FA": null, "ADM1ALT2FA": null, "ADM0_EN": "Iran (Islamic Republic of)", "ADM0_FA": "ایران (جمهوری اسلامی)", "ADM0_PCODE": "IR", "date": "2019-04-09T00:00:00", "validOn": "2019-05-14T00:00:00", "validTo": null }, "geometry": { "type": "MultiPolygon", "coordinates": [ [ [ [ 49.06075020000003, 30.489128200000039 ], [ 49.063608101000057, 30.464745200000038 ], [ 49.03793230000008, 30.464875600000028 ], [ 49.046077800000035, 30.486533100000031 ], [ 49.06075020000003, 30.489128200000039 ] ] ], [ [ [ 48.978720100000032, 30.491311799000073 ], [ 48.96379, 30.476336900000035 ], [ 48.984990099000072, 30.463039800000047 ], [ 48.958970700000066, 30.465463400000033 ], [ 48.952676200000042, 30.482590500000072 ], [ 48.978720100000032, 30.491311799000073 ] ] ], [ [ [ 48.973422800000037, 30.477001200000075 ], [ 49.008017418000065, 30.499231859000076 ], [ 48.995367400000077, 30.485310800000036 ], [ 49.003169700000058, 30.466661800000054 ], [ 48.990190900000073, 30.462734 ], [ 48.973422800000037, 30.477001200000075 ] ] ], [ [ [ 49.0344, 30.500303200000076 ], [ 49.061160200000074, 30.490933900000073 ], [ 49.050800500000037, 30.489365100000043 ], [ 49.044748900000059, 30.495059800000035 ], [ 49.040598899000031, 30.494740199000034 ], [ 49.029434051000067, 30.458576832000062 ], [ 49.007848040000056, 30.46516589600003 ], [ 49.006384600000047, 30.483680099000026 ], [ 49.015631400000075, 30.481507200000067 ], [ 49.014381700000058, 30.484573500000067 ], [ 49.017682600000057, 30.482824 ], [ 49.019465800000035, 30.482722099000057 ], [ 49.019734, 30.484140700000069 ], [ 49.008502100000044, 30.496310600000072 ], [ 49.0344, 30.500303200000076 ] ] ], [ [ [ 48.386108400000069, 32.965854700000079 ], [ 48.499611999000081, 32.961203100000034 ], [ 48.544898800000055, 32.983307700000069 ], [ 48.61543259900003, 32.978572900000074 ], [ 48.707839800000045, 32.937656 ], [ 48.718581, 32.896020300000032 ], [ 48.768688201000032, 32.922986 ], [ 48.764884900000027, 32.968357900000058 ], [ 48.830738200000042, 32.948521600000049 ], [ 48.853862900000081, 32.910838699000067 ], [ 48.89987560000003, 32.884940700000072 ], [ 49.006103500000052, 32.915383 ], [ 49.013866600000028, 32.899406700000043 ], [ 49.05534380000006, 32.905109201000073 ], [ 49.137077400000067, 32.869831300000044 ], [ 49.171974199000033, 32.883921600000065 ], [ 49.21799070000003, 32.852165801000069 ], [ 49.257652300000075, 32.861842600000045 ], [ 49.318744500000037, 32.839163901000063 ], [ 49.369258800000068, 32.843575400000077 ], [ 49.428317801000048, 32.779309300000079 ], [ 49.504314200000067, 32.738288300000079 ], [ 49.515777900000046, 32.724825401000032 ], [ 49.500077200000078, 32.703093200000069 ], [ 49.58684930000004, 32.609227199000031 ], [ 49.911518200000046, 32.316082400000028 ], [ 49.934612399000059, 32.190773400000069 ], [ 50.000270101000069, 32.112542700000063 ], [ 50.239620200000047, 31.940171600000042 ], [ 50.250030400000071, 31.908635400000037 ], [ 50.290351800000053, 31.870412200000032 ], [ 50.2831, 31.850077200000044 ], [ 50.386280001000046, 31.729784600000073 ], [ 50.457542300000057, 31.614155800000049 ], [ 50.42697910000004, 31.593458500000054 ], [ 50.392379800000072, 31.601391499000044 ], [ 50.358413600000063, 31.555018500000074 ], [ 50.375110500000062, 31.541234100000054 ], [ 50.254090900000051, 31.448338200000023 ], [ 50.247922200000062, 31.418217401000049 ], [ 50.299831699000038, 31.358478600000069 ], [ 50.246761200000037, 31.306488999000067 ], [ 50.224979400000052, 31.306745100000057 ], [ 50.218711700000028, 31.285948799000039 ], [ 50.152706300000034, 31.251831700000025 ], [ 50.099861, 31.257594200000028 ], [ 49.95467, 31.21140470000006 ], [ 49.954463900000064, 31.185078300000043 ], [ 49.989994200000069, 31.125672500000064 ], [ 49.982259100000078, 31.099242900000036 ], [ 49.94751750000006, 31.074862600000074 ], [ 49.97143, 31.012925900000027 ], [ 49.886211500000059, 30.964259599000059 ], [ 49.923675400000036, 30.927706499000067 ], [ 49.934135300000037, 30.938496200000031 ], [ 49.95114140000004, 30.929371300000071 ], [ 49.955505300000027, 30.877364 ], [ 50.033340500000065, 30.871307700000045 ], [ 50.069747901000028, 30.829931700000031 ], [ 50.21042250000005, 30.932263500000033 ], [ 50.243453900000077, 30.832506300000034 ], [ 50.231513800000073, 30.790528300000062 ], [ 50.254176900000061, 30.75557630000003 ], [ 50.335441700000047, 30.708715600000062 ], [ 50.392841, 30.731307700000059 ], [ 50.411784499000078, 30.717912100000035 ], [ 50.423727700000029, 30.665133701000059 ], [ 50.533901300000082, 30.599643400000048 ], [ 50.549566200000072, 30.563055200000065 ], [ 50.506011900000033, 30.530581600000062 ], [ 50.386455500000068, 30.524083999000027 ], [ 50.452621500000078, 30.432293600000037 ], [ 50.520759400000031, 30.390424500000051 ], [ 50.509376600000053, 30.227579900000023 ], [ 50.520584, 30.165516900000057 ], [ 50.416576300000031, 30.182189700000038 ], [ 50.20000710000005, 30.294962401000078 ], [ 50.160545300000081, 30.201950700000054 ], [ 50.113942314000042, 30.152110806000053 ], [ 50.085518, 30.188596801000074 ], [ 50.03833760100008, 30.210026800000037 ], [ 49.942074, 30.208640100000025 ], [ 49.560501100000067, 30.005142800000044 ], [ 49.512798400000065, 30.059995800000024 ], [ 49.508632501000079, 30.131196101000057 ], [ 49.46242759900008, 30.158656600000029 ], [ 49.390847201000042, 30.156769800000063 ], [ 49.37479920100003, 30.142943400000036 ], [ 49.36651820000003, 30.16071160000007 ], [ 49.301508600000034, 30.155386600000043 ], [ 49.29555270000003, 30.140395300000023 ], [ 49.242681400000038, 30.135583900000029 ], [ 49.25318720000007, 30.194093800000076 ], [ 49.227239200000042, 30.221515800000077 ], [ 49.236066600000072, 30.257761400000049 ], [ 49.260466100000031, 30.268245100000058 ], [ 49.245324200000027, 30.286813401000074 ], [ 49.261534600000061, 30.291658200000029 ], [ 49.238433204000046, 30.291097499000045 ], [ 49.236462801000073, 30.301865 ], [ 49.238238, 30.302017100000057 ], [ 49.240077601000053, 30.298571100000061 ], [ 49.245446700000059, 30.296586001000037 ], [ 49.248044300000061, 30.300477900000033 ], [ 49.242647400000067, 30.304005201000052 ], [ 49.23497210000005, 30.302359200000069 ], [ 49.226061100000038, 30.319980400000077 ], [ 49.237259401000074, 30.307018400000061 ], [ 49.244588400000055, 30.311488101000066 ], [ 49.221291964000045, 30.324788156000068 ], [ 49.214442400000053, 30.339621100000045 ], [ 49.220505499000069, 30.348574199000041 ], [ 49.230009, 30.32552110000006 ], [ 49.236462238000058, 30.336019615000055 ], [ 49.254539100000045, 30.301850200000047 ], [ 49.253803649000076, 30.31415002600005 ], [ 49.265353100000027, 30.309399700000029 ], [ 49.23370170000004, 30.340139900000054 ], [ 49.241731300000026, 30.338705401000027 ], [ 49.24435, 30.340171700000042 ], [ 49.225060601000052, 30.342594100000042 ], [ 49.22425880000003, 30.354153900000028 ], [ 49.235717499000032, 30.359966 ], [ 49.239199299000063, 30.347670801000049 ], [ 49.25196, 30.347729900000047 ], [ 49.235092300000076, 30.361757400000045 ], [ 49.240131800000029, 30.361825399000054 ], [ 49.241044099000078, 30.360551900000075 ], [ 49.246577500000058, 30.360456799000076 ], [ 49.250178700000049, 30.363760200000058 ], [ 49.237701701000049, 30.381591400000048 ], [ 49.269250500000055, 30.392041200000051 ], [ 49.242686900000081, 30.384744100000034 ], [ 49.218278500000054, 30.397784 ], [ 49.256504100000029, 30.391614600000025 ], [ 49.27337280100005, 30.410608900000057 ], [ 49.251709, 30.427676200000064 ], [ 49.280840700000056, 30.424592500000074 ], [ 49.261413800000071, 30.432563200000061 ], [ 49.288104, 30.433430300000055 ], [ 49.274924100000078, 30.440456400000073 ], [ 49.287259, 30.447818300000051 ], [ 49.303287300000079, 30.430543100000079 ], [ 49.295053900000028, 30.443292099000075 ], [ 49.31002970000003, 30.438532500000065 ], [ 49.292185400000051, 30.446083100000067 ], [ 49.301931400000058, 30.451521600000035 ], [ 49.293037892000029, 30.448140282000054 ], [ 49.284570600000052, 30.448811500000033 ], [ 49.321787199000028, 30.472758600000077 ], [ 49.280151600000067, 30.446953500000063 ], [ 49.293131200000062, 30.468465600000059 ], [ 49.271474400000045, 30.47349150000008 ], [ 49.283818600000075, 30.466286300000036 ], [ 49.268447200000026, 30.437542200000053 ], [ 49.274666100000047, 30.455109200000038 ], [ 49.271411099000034, 30.454551800000047 ], [ 49.272915600000033, 30.461771200000044 ], [ 49.271306800000048, 30.460464300000069 ], [ 49.270928199000082, 30.465087600000061 ], [ 49.267568400000073, 30.470442600000069 ], [ 49.265778601000079, 30.470933 ], [ 49.271626199000082, 30.45918290000003 ], [ 49.26578180000007, 30.43724960000003 ], [ 49.26011740000007, 30.455430100000058 ], [ 49.248379400000033, 30.431360400000074 ], [ 49.232813901000043, 30.447092200000043 ], [ 49.238016, 30.446648400000072 ], [ 49.24550060100006, 30.453860300000031 ], [ 49.227134900000067, 30.457557300000076 ], [ 49.252796100000069, 30.460819399000059 ], [ 49.256231801000069, 30.467889 ], [ 49.225590500000067, 30.460878800000046 ], [ 49.221597551000059, 30.468148444000065 ], [ 49.238800301000026, 30.469028700000024 ], [ 49.242524400000036, 30.476535500000068 ], [ 49.207131900000036, 30.480167600000073 ], [ 49.222892400000035, 30.495039400000053 ], [ 49.208103900000026, 30.511756399000035 ], [ 49.196176, 30.483164800000054 ], [ 49.179869800000063, 30.494692500000042 ], [ 49.189760600000056, 30.470946400000059 ], [ 49.170327100000065, 30.459417901000052 ], [ 49.168193799000051, 30.514488801000027 ], [ 49.099542100000065, 30.519551500000034 ], [ 49.101069601000063, 30.450706300000036 ], [ 49.115990300000078, 30.434171900000024 ], [ 49.062950600000079, 30.424618100000032 ], [ 49.032654200000081, 30.454254500000047 ], [ 49.075657500000034, 30.452724700000033 ], [ 49.066177993000053, 30.480989209000029 ], [ 49.078655800000035, 30.497550300000057 ], [ 49.073466499000062, 30.514256500000045 ], [ 49.046041500000058, 30.519504500000039 ], [ 49.058484500000077, 30.506063600000061 ], [ 48.976290500000061, 30.503398501000049 ], [ 48.949668301000031, 30.484471100000064 ], [ 48.943655601000046, 30.45982360000005 ], [ 48.936254800000029, 30.458935300000064 ], [ 48.931992600000058, 30.464009800000042 ], [ 48.930533600000047, 30.462829300000067 ], [ 48.919152901000075, 30.467662 ], [ 48.917664, 30.467895400000032 ], [ 48.917680400000052, 30.467124300000023 ], [ 48.934776800000066, 30.45865480100008 ], [ 48.941635600000041, 30.457091600000069 ], [ 48.989679201000058, 30.458741400000065 ], [ 48.990060401000051, 30.454633700000045 ], [ 48.993423900000039, 30.449800400000072 ], [ 49.006215400000031, 30.462851900000032 ], [ 49.054894201000081, 30.425277400000027 ], [ 49.011364, 30.399295600000073 ], [ 48.92716310000003, 30.411741400000039 ], [ 48.869761600000061, 30.350399 ], [ 48.85680049900003, 30.360214 ], [ 48.85828280000004, 30.346612 ], [ 48.880494500000054, 30.32692030000004 ], [ 48.879853999000034, 30.322282100000052 ], [ 48.832413300000042, 30.33677890000007 ], [ 48.835267900000076, 30.355231400000037 ], [ 48.825465800000075, 30.356097 ], [ 48.830434300000036, 30.34589550000004 ], [ 48.810204600000077, 30.349157700000035 ], [ 48.823043400000074, 30.345001400000058 ], [ 48.822951900000078, 30.335744500000033 ], [ 48.812632500000063, 30.34662730000008 ], [ 48.817920800000081, 30.335403400000075 ], [ 48.805520800000068, 30.346508100000051 ], [ 48.810257600000057, 30.333475600000043 ], [ 48.803869399000064, 30.340824300000065 ], [ 48.79062840000006, 30.336487700000077 ], [ 48.803742400000033, 30.333237300000064 ], [ 48.805625899000063, 30.328513200000032 ], [ 48.78862950000007, 30.333111600000052 ], [ 48.80148470000006, 30.321502100000032 ], [ 48.785463200000038, 30.328944500000034 ], [ 48.798722700000042, 30.319141600000023 ], [ 48.79362350100007, 30.321883800000023 ], [ 48.780882400000053, 30.321796300000074 ], [ 48.779023, 30.318808600000068 ], [ 48.795441299000061, 30.320114800000056 ], [ 48.798216600000046, 30.315276800000049 ], [ 48.781871601000034, 30.304202499000041 ], [ 48.745447600000034, 30.303322700000024 ], [ 48.721491100000037, 30.327074 ], [ 48.699121400000081, 30.320512099000041 ], [ 48.728215700000078, 30.311765500000035 ], [ 48.731112900000028, 30.295362200000056 ], [ 48.719811800000059, 30.297222400000067 ], [ 48.733267800000078, 30.285373 ], [ 48.734918600000071, 30.297355800000048 ], [ 48.798038, 30.296762900000033 ], [ 48.826615301000061, 30.330898400000024 ], [ 48.858006300000056, 30.311619800000074 ], [ 48.885791200000028, 30.266586800000027 ], [ 48.913857700000051, 30.255981400000053 ], [ 48.944354900000064, 30.178045200000042 ], [ 48.923411900000076, 30.118322300000045 ], [ 48.938261999000076, 30.079732300000046 ], [ 48.925347600000066, 30.032734100000027 ], [ 48.879692900000066, 30.011951201000045 ], [ 48.726867001000073, 30.028938900000071 ], [ 48.682295299000032, 30.020705200000066 ], [ 48.69328530000007, 29.999045200000069 ], [ 48.680699400000037, 30.00679400100006 ], [ 48.670209700000044, 29.994268 ], [ 48.682106700000077, 29.927118800000073 ], [ 48.668627400000048, 29.941920700000026 ], [ 48.615024600000027, 29.932315100000039 ], [ 48.511476900000048, 29.96254730000004 ], [ 48.454017401000044, 29.998322700000074 ], [ 48.438332999000068, 30.0725 ], [ 48.382749899000032, 30.123194600000033 ], [ 48.415956601000062, 30.170565200000055 ], [ 48.410833, 30.207221999000069 ], [ 48.277725800000042, 30.332516801000054 ], [ 48.252351801000032, 30.340097800000024 ], [ 48.208432300000027, 30.315768300000059 ], [ 48.161436500000036, 30.427577900000074 ], [ 48.024415100000056, 30.477346500000067 ], [ 48.032189500000072, 30.995374100000049 ], [ 47.683225601000061, 30.998487200000056 ], [ 47.682971, 31.394609 ], [ 47.865855, 31.783613 ], [ 47.852568, 31.818223 ], [ 47.805337, 31.842578 ], [ 47.80986, 31.881373 ], [ 47.731711, 31.939258 ], [ 47.705397, 31.994321 ], [ 47.712418, 32.018895 ], [ 47.690235999000038, 32.013243 ], [ 47.664111, 32.048542 ], [ 47.838813900000048, 32.137469899000052 ], [ 47.985023500000068, 32.263893500000052 ], [ 47.961776800000052, 32.295403400000055 ], [ 47.976047600000072, 32.33356370000007 ], [ 48.035453901000039, 32.353969500000062 ], [ 48.015697500000044, 32.524238400000058 ], [ 47.980598501000031, 32.536351100000047 ], [ 47.942577300000039, 32.517010500000026 ], [ 47.955834200000027, 32.535732100000075 ], [ 47.932800200000031, 32.534949900000072 ], [ 47.944046, 32.561572 ], [ 47.918224300000077, 32.553814300000056 ], [ 47.900619499000072, 32.568306100000029 ], [ 47.932857600000034, 32.582409100000064 ], [ 47.915218399000025, 32.602782300000058 ], [ 47.988327100000049, 32.611412100000052 ], [ 47.954666100000054, 32.635333901000024 ], [ 47.969146600000045, 32.658279900000025 ], [ 48.088611600000036, 32.689979500000049 ], [ 48.085922200000027, 32.704982700000073 ], [ 48.063995300000045, 32.708751100000029 ], [ 48.086048101000074, 32.719681501000025 ], [ 48.059997500000065, 32.74037270000008 ], [ 48.068679900000063, 32.764263 ], [ 48.053810100000078, 32.772082200000057 ], [ 48.068241200000045, 32.78888610000007 ], [ 48.055343700000037, 32.786255 ], [ 48.048809100000028, 32.805417200000079 ], [ 48.100528700000041, 32.834411 ], [ 48.128822300000081, 32.870469300000025 ], [ 48.128089800000055, 32.91263310100004 ], [ 48.179687500000057, 32.900940700000035 ], [ 48.275955199000066, 32.996697100000063 ], [ 48.386108400000069, 32.965854700000079 ] ] ] ] } },
{ "type": "Feature", "properties": { "Shape_Leng": 7.6207338081999998, "Shape_Area": 1.4483683330899999, "ADM1_EN": "Kohgiluyeh and Boyer-Ahmad", "ADM1_FA": "کهگیلویه و بویراحمد", "ADM1_PCODE": "IR016", "ADM1_REF": null, "ADM1ALT1EN": null, "ADM1ALT2EN": null, "ADM1ALT1FA": null, "ADM1ALT2FA": null, "ADM0_EN": "Iran (Islamic Republic of)", "ADM0_FA": "ایران (جمهوری اسلامی)", "ADM0_PCODE": "IR", "date": "2019-04-09T00:00:00", "validOn": "2019-05-14T00:00:00", "validTo": null }, "geometry": { "type": "Polygon", "coordinates": [ [ [ 50.372613699000055, 31.418757300000038 ], [ 50.476229, 31.42764980000004 ], [ 50.500395400000059, 31.452648200000056 ], [ 50.542344700000058, 31.440153600000031 ], [ 50.574844100000064, 31.408763600000043 ], [ 50.639569900000026, 31.42765 ], [ 50.719852401000026, 31.383206200000075 ], [ 50.789298200000076, 31.314316200000064 ], [ 50.857086700000082, 31.290420600000061 ], [ 50.892366199000037, 31.308755400000052 ], [ 50.924589101000038, 31.298482100000058 ], [ 50.963202, 31.260422600000027 ], [ 50.969442300000026, 31.226556800000026 ], [ 51.030976500000065, 31.181811300000049 ], [ 51.078477600000042, 31.188764199000047 ], [ 51.148760100000061, 31.150146500000062 ], [ 51.179041, 31.174869600000079 ], [ 51.180425900000046, 31.209869601000037 ], [ 51.223763700000063, 31.223760800000036 ], [ 51.329877399000054, 31.19598620000005 ], [ 51.329877600000032, 31.102087500000039 ], [ 51.377660500000047, 30.99653040000004 ], [ 51.508498600000053, 30.878477500000031 ], [ 51.834067601000072, 30.665974600000027 ], [ 51.887126900000055, 30.600969500000076 ], [ 51.83351440000007, 30.519299 ], [ 51.842957600000034, 30.465687400000036 ], [ 51.826291400000059, 30.436522600000046 ], [ 51.742952600000081, 30.371517100000062 ], [ 51.619337500000029, 30.443741401000068 ], [ 51.57461150000006, 30.422355200000027 ], [ 51.447106801000075, 30.46790690000006 ], [ 51.39932740100005, 30.463737900000069 ], [ 51.366547800000035, 30.486243500000057 ], [ 51.349601301000064, 30.562633 ], [ 51.211263200000076, 30.653194800000051 ], [ 51.177373600000067, 30.649855700000046 ], [ 51.136537500000031, 30.598468901000047 ], [ 51.14292769900004, 30.564022499000032 ], [ 51.179040500000042, 30.530686900000035 ], [ 51.219596700000068, 30.454298800000061 ], [ 51.294879, 30.384573500000045 ], [ 51.238486500000079, 30.336244800000031 ], [ 51.269042800000079, 30.279571800000042 ], [ 51.196817300000077, 30.235405800000024 ], [ 51.177927600000032, 30.206236300000057 ], [ 51.142371400000059, 30.215682700000059 ], [ 51.106535300000075, 30.187623200000075 ], [ 51.066255801000068, 30.200398700000051 ], [ 51.050422999000034, 30.180676100000028 ], [ 50.991530400000045, 30.176796500000023 ], [ 50.955974200000071, 30.155955400000039 ], [ 50.924861400000054, 30.115122300000053 ], [ 50.90319529900006, 30.03484 ], [ 50.846526101000052, 29.965675901000054 ], [ 50.761244100000056, 29.992061800000045 ], [ 50.686794999000028, 29.995958800000039 ], [ 50.569847, 29.927058200000033 ], [ 50.535677500000077, 29.972621500000059 ], [ 50.527624200000048, 30.020396600000026 ], [ 50.542623500000047, 30.082346200000075 ], [ 50.577069800000061, 30.125397700000065 ], [ 50.513893300000063, 30.166060600000037 ], [ 50.520759400000031, 30.390424500000051 ], [ 50.452621500000078, 30.432293600000037 ], [ 50.38645930000007, 30.52352680000007 ], [ 50.506011900000033, 30.530581600000062 ], [ 50.549566200000072, 30.563055200000065 ], [ 50.533901300000082, 30.599643400000048 ], [ 50.423727700000029, 30.665133701000059 ], [ 50.411784499000078, 30.717912100000035 ], [ 50.392841, 30.731307700000059 ], [ 50.335441700000047, 30.708715600000062 ], [ 50.254176900000061, 30.75557630000003 ], [ 50.231513800000073, 30.790528300000062 ], [ 50.243453900000077, 30.832506300000034 ], [ 50.21042250000005, 30.932263500000033 ], [ 50.069747901000028, 30.829931700000031 ], [ 50.033340500000065, 30.871307700000045 ], [ 49.955505300000027, 30.877364 ], [ 49.95114140000004, 30.929371300000071 ], [ 49.934135300000037, 30.938496200000031 ], [ 49.923675400000036, 30.927706499000067 ], [ 49.886211500000059, 30.964259599000059 ], [ 49.97143, 31.012925900000027 ], [ 49.94751750000006, 31.074862600000074 ], [ 49.982259100000078, 31.099242900000036 ], [ 49.989994200000069, 31.125672500000064 ], [ 49.954463900000064, 31.185078300000043 ], [ 49.95467, 31.21140470000006 ], [ 50.099861, 31.257594200000028 ], [ 50.152706300000034, 31.251831700000025 ], [ 50.218711700000028, 31.285948799000039 ], [ 50.224979400000052, 31.306745100000057 ], [ 50.246761200000037, 31.306488999000067 ], [ 50.299831699000038, 31.358478600000069 ], [ 50.247922200000062, 31.418217401000049 ], [ 50.280712400000027, 31.476191 ], [ 50.295108200000072, 31.480707 ], [ 50.372613699000055, 31.418757300000038 ] ] ] } },
{ "type": "Feature", "properties": { "Shape_Leng": 10.987771501399999, "Shape_Area": 2.8926147259500001, "ADM1_EN": "Kurdistan", "ADM1_FA": "کردستان", "ADM1_PCODE": "IR017", "ADM1_REF": null, "ADM1ALT1EN": null, "ADM1ALT2EN": null, "ADM1ALT1FA": null, "ADM1ALT2FA": null, "ADM0_EN": "Iran (Islamic Republic of)", "ADM0_FA": "ایران (جمهوری اسلامی)", "ADM0_PCODE": "IR", "date": "2019-04-09T00:00:00", "validOn": "2019-05-14T00:00:00", "validTo": null }, "geometry": { "type": "Polygon", "coordinates": [ [ [ 46.155457901000034, 36.463319701000046 ], [ 46.199627600000042, 36.454429399000048 ], [ 46.280187500000068, 36.388041 ], [ 46.322133700000052, 36.377483300000051 ], [ 46.416859099000078, 36.385816299000055 ], [ 46.459638100000063, 36.416372100000046 ], [ 46.674372500000061, 36.396095400000036 ], [ 46.802987600000051, 36.423876700000051 ], [ 46.812157400000046, 36.408319900000038 ], [ 46.853823900000066, 36.412211500000069 ], [ 46.897160100000065, 36.383043 ], [ 46.921606900000029, 36.322765900000036 ], [ 47.017998901000055, 36.31915360000005 ], [ 47.080502, 36.250817200000029 ], [ 47.160507800000062, 36.243312200000048 ], [ 47.298569300000054, 36.247763500000076 ], [ 47.346349100000054, 36.277756700000054 ], [ 47.392185, 36.334433700000034 ], [ 47.365795200000036, 36.38693580100005 ], [ 47.371351400000037, 36.438047500000039 ], [ 47.412184300000035, 36.409988 ], [ 47.467466700000045, 36.428598600000043 ], [ 47.521632699000065, 36.426103500000067 ], [ 47.659698500000047, 36.380540600000074 ], [ 47.782203400000071, 36.371937900000034 ], [ 47.826926401000037, 36.342209400000058 ], [ 47.938598700000057, 36.31248 ], [ 47.956378599000061, 36.28137090000007 ], [ 47.941932300000076, 36.263595100000032 ], [ 47.946932100000026, 36.221933400000069 ], [ 47.994992001000071, 36.139703501000042 ], [ 47.954989499000078, 36.049977 ], [ 47.903043600000046, 36.002203899000051 ], [ 47.98221249900007, 35.971083901000043 ], [ 47.862207400000045, 35.941359600000055 ], [ 47.860817600000075, 35.91580760100004 ], [ 47.909710500000074, 35.889146500000038 ], [ 47.999992399000064, 35.933032 ], [ 48.051105600000028, 35.807472800000028 ], [ 48.171667600000035, 35.789138100000059 ], [ 48.192501, 35.729145900000049 ], [ 48.251670300000058, 35.720248200000071 ], [ 48.211114100000032, 35.687469200000066 ], [ 48.123331800000074, 35.673305900000059 ], [ 48.049162700000068, 35.63913690000004 ], [ 47.974157499000057, 35.574131500000078 ], [ 47.89248819900007, 35.585527900000045 ], [ 47.865822100000059, 35.550526400000024 ], [ 47.944714900000065, 35.389679 ], [ 48.026660800000059, 35.370795800000053 ], [ 48.089720400000033, 35.269402500000069 ], [ 48.095833900000059, 35.228294400000038 ], [ 48.139723, 35.222179600000061 ], [ 48.181112800000051, 35.165231600000027 ], [ 48.152503400000057, 35.118013400000052 ], [ 48.19222620000005, 35.09273950000005 ], [ 48.175836601000071, 34.998846100000037 ], [ 48.139167299000064, 34.96856310000004 ], [ 48.085831400000075, 34.961616800000058 ], [ 48.043052, 34.986063300000069 ], [ 47.999987101000045, 34.961271700000054 ], [ 47.952769600000067, 34.970511200000033 ], [ 47.922770300000082, 34.951891800000055 ], [ 47.922353400000077, 34.934535100000062 ], [ 47.883600800000067, 34.926894 ], [ 47.83221130000004, 34.945225 ], [ 47.805264600000044, 34.980515 ], [ 47.803041400000041, 35.014956200000029 ], [ 47.728592, 35.06217810000004 ], [ 47.560254100000066, 35.073011 ], [ 47.460525100000041, 35.050225501000057 ], [ 47.399689, 35.061618100000032 ], [ 47.36080000100003, 35.052732999000057 ], [ 47.354966500000046, 35.018004100000041 ], [ 47.308297500000037, 35.006340300000033 ], [ 47.332740400000034, 34.954668900000058 ], [ 47.326630900000055, 34.938566200000025 ], [ 47.281908201000078, 34.927731600000072 ], [ 47.243294800000058, 34.953288400000076 ], [ 47.214125599000056, 34.937167600000066 ], [ 47.173289501000056, 34.972448800000052 ], [ 47.159679001000029, 34.961064300000032 ], [ 47.173289599000043, 34.903283600000066 ], [ 47.111900100000071, 34.906062 ], [ 47.08106360000005, 34.890779699000063 ], [ 47.072174501000063, 34.851057601000036 ], [ 47.125233499000046, 34.803557400000045 ], [ 47.10634420000008, 34.788003300000071 ], [ 47.067174600000044, 34.792451100000051 ], [ 47.060231600000066, 34.781335800000079 ], [ 47.08856430000003, 34.757724600000074 ], [ 47.01328539900004, 34.746058500000061 ], [ 46.894943, 34.764391600000067 ], [ 46.767718699000056, 34.743278900000064 ], [ 46.73327160000008, 34.794110199000045 ], [ 46.743548300000043, 34.839950800000054 ], [ 46.639932700000031, 34.869397400000025 ], [ 46.555206501000043, 34.922731899000041 ], [ 46.501036900000031, 35.034951400000068 ], [ 46.446591201000047, 35.053840100000059 ], [ 46.347138600000051, 35.170512600000052 ], [ 46.157909601000028, 35.283279800000059 ], [ 46.127443001000074, 35.334474 ], [ 46.050838001000045, 35.387981 ], [ 45.985425, 35.496023 ], [ 45.992784, 35.519464 ], [ 46.017990999000062, 35.520698 ], [ 45.972104, 35.581178 ], [ 46.029957, 35.576616 ], [ 46.013005001000067, 35.627783 ], [ 45.992876, 35.635089 ], [ 46.035072, 35.704708 ], [ 46.165081001000033, 35.688964 ], [ 46.19956, 35.722322 ], [ 46.233493001000056, 35.715073001000064 ], [ 46.277041, 35.728866 ], [ 46.305853, 35.761978 ], [ 46.333321, 35.763349 ], [ 46.347062, 35.787119 ], [ 46.340244, 35.819902 ], [ 46.294615, 35.835867 ], [ 46.212274, 35.794952 ], [ 46.183814, 35.812492 ], [ 46.167906, 35.799993 ], [ 46.138574, 35.822521 ], [ 46.137288, 35.843527 ], [ 46.078561999000044, 35.85843 ], [ 46.024647, 35.834468 ], [ 45.964013, 35.843593 ], [ 45.954344, 35.822803 ], [ 45.896036, 35.837649 ], [ 45.874868, 35.811362 ], [ 45.831285, 35.809702 ], [ 45.80038, 35.827039 ], [ 45.763701, 35.799014 ], [ 45.66562500100008, 35.926916 ], [ 45.55797429900008, 35.995102700000075 ], [ 45.554596900000035, 36.07414 ], [ 45.674605499000052, 36.107753 ], [ 45.641268700000069, 36.13886830000007 ], [ 45.679605300000048, 36.172478600000034 ], [ 45.683214500000076, 36.224702500000035 ], [ 45.732384300000035, 36.238866300000041 ], [ 45.830166100000042, 36.219143700000075 ], [ 45.947114600000077, 36.23914620000005 ], [ 45.98461750000007, 36.281086500000072 ], [ 45.954060900000059, 36.393318800000031 ], [ 45.992396700000029, 36.424982400000033 ], [ 46.155457901000034, 36.463319701000046 ] ] ] } },
{ "type": "Feature", "properties": { "Shape_Leng": 11.622804827, "Shape_Area": 2.7398387943300002, "ADM1_EN": "Lorestan", "ADM1_FA": "لرستان", "ADM1_PCODE": "IR018", "ADM1_REF": null, "ADM1ALT1EN": null, "ADM1ALT2EN": null, "ADM1ALT1FA": null, "ADM1ALT2FA": null, "ADM0_EN": "Iran (Islamic Republic of)", "ADM0_FA": "ایران (جمهوری اسلامی)", "ADM0_PCODE": "IR", "date": "2019-04-09T00:00:00", "validOn": "2019-05-14T00:00:00", "validTo": null }, "geometry": { "type": "Polygon", "coordinates": [ [ [ 47.701094600000033, 34.378271400000074 ], [ 47.82804660000005, 34.323825900000031 ], [ 47.848323300000061, 34.278547900000035 ], [ 47.900272900000061, 34.238548700000024 ], [ 47.938605700000039, 34.245768899000041 ], [ 48.053891001000068, 34.212718700000039 ], [ 48.108060300000034, 34.146597900000074 ], [ 48.137783500000069, 34.14104720000006 ], [ 48.177229801000067, 34.086044001000062 ], [ 48.240565600000082, 34.049100600000031 ], [ 48.304458200000056, 34.056601500000056 ], [ 48.304735, 34.021318300000075 ], [ 48.352237900000034, 34.006876500000033 ], [ 48.483076099000073, 34.010207300000047 ], [ 48.519465500000081, 34.050762100000043 ], [ 48.526968399000054, 34.107156300000042 ], [ 48.545858300000077, 34.101876200000049 ], [ 48.560301700000082, 34.066593800000078 ], [ 48.585858100000053, 34.063543100000061 ], [ 48.617250800000079, 34.096045600000025 ], [ 48.660863800000072, 34.079095 ], [ 48.709476500000051, 34.091875900000048 ], [ 48.717532800000072, 34.123547500000029 ], [ 48.765589, 34.072434 ], [ 48.841704800000059, 34.036320900000078 ], [ 48.851704701000074, 34.002707300000054 ], [ 48.904207301000042, 34.006317900000056 ], [ 48.916150300000027, 34.028540400000054 ], [ 48.948377, 34.002707400000077 ], [ 49.01115580000004, 34.022150100000033 ], [ 49.077572399000076, 34.01471 ], [ 49.041712500000074, 33.976314600000023 ], [ 49.008932900000048, 33.981874800000071 ], [ 48.961986701000058, 33.949930100000074 ], [ 48.959487101000036, 33.907983500000057 ], [ 49.012266300000078, 33.906042901000035 ], [ 48.993656700000031, 33.890480900000057 ], [ 49.006156600000054, 33.867146600000069 ], [ 48.97587720100006, 33.84131160000004 ], [ 48.99393339900007, 33.829928600000073 ], [ 48.988100101000043, 33.781868600000053 ], [ 49.013936700000045, 33.760763100000077 ], [ 49.010600001000057, 33.711040700000069 ], [ 49.021156900000051, 33.696316999000032 ], [ 49.049213001000055, 33.703539 ], [ 49.070326300000033, 33.688815300000044 ], [ 49.075606, 33.717982900000038 ], [ 49.141718700000069, 33.721593901000062 ], [ 49.195054600000049, 33.68631490100006 ], [ 49.215611100000046, 33.612974800000075 ], [ 49.284226900000078, 33.604091600000061 ], [ 49.29645, 33.650204900000062 ], [ 49.351449200000047, 33.652976500000079 ], [ 49.355619200000035, 33.676872500000059 ], [ 49.382008699000039, 33.694647500000031 ], [ 49.360619101000054, 33.738258700000074 ], [ 49.410065, 33.750481799000056 ], [ 49.431178400000078, 33.736318 ], [ 49.435898100000031, 33.699648899000067 ], [ 49.52838009900006, 33.687962600000048 ], [ 49.618962100000033, 33.742420700000025 ], [ 49.633129001000043, 33.696868699000049 ], [ 49.597296300000039, 33.672981900000025 ], [ 49.603406200000052, 33.641033400000026 ], [ 49.636185800000078, 33.625199001000055 ], [ 49.651465600000051, 33.586307500000032 ], [ 49.712301600000046, 33.568531900000039 ], [ 49.770914201000039, 33.517695700000047 ], [ 49.796470801000055, 33.44659050000007 ], [ 49.908699600000034, 33.407417201000044 ], [ 49.934532500000046, 33.384918600000049 ], [ 50.018148001000043, 33.368532300000027 ], [ 49.998705100000052, 33.303527400000064 ], [ 49.937589200000048, 33.247143699000048 ], [ 49.94703589900007, 33.229916901000024 ], [ 49.88953360000005, 33.219633300000055 ], [ 49.87147710000005, 33.191301 ], [ 49.890643500000067, 33.144631100000026 ], [ 49.87675390000004, 33.132135100000028 ], [ 49.918700100000081, 33.100470800000039 ], [ 49.921479900000065, 33.07213790000003 ], [ 49.863697501000047, 33.069077100000072 ], [ 49.838974299000029, 33.049908400000049 ], [ 49.724246, 33.084353900000053 ], [ 49.685633, 33.066304799000079 ], [ 49.653686900000082, 33.010189400000058 ], [ 49.70785630000006, 32.982407 ], [ 49.637300599000071, 32.974632799000062 ], [ 49.682300200000043, 32.899076700000023 ], [ 49.747302700000034, 32.857957700000043 ], [ 49.743969400000026, 32.821009900000035 ], [ 49.660077300000069, 32.779348500000026 ], [ 49.59063180000004, 32.789073 ], [ 49.577575400000057, 32.740179199000067 ], [ 49.51590630000004, 32.725181200000065 ], [ 49.428317801000048, 32.779309300000079 ], [ 49.367164500000058, 32.84455150000008 ], [ 49.318744500000037, 32.839163901000063 ], [ 49.257652300000075, 32.861842600000045 ], [ 49.21799070000003, 32.852165801000069 ], [ 49.171974199000033, 32.883921600000065 ], [ 49.137077400000067, 32.869831300000044 ], [ 49.05534380000006, 32.905109201000073 ], [ 49.013866600000028, 32.899406700000043 ], [ 49.006103500000052, 32.915383 ], [ 48.89987560000003, 32.884940700000072 ], [ 48.853862900000081, 32.910838699000067 ], [ 48.830738200000042, 32.948521600000049 ], [ 48.764884900000027, 32.968357900000058 ], [ 48.768688201000032, 32.922986 ], [ 48.718581, 32.896020300000032 ], [ 48.709316400000034, 32.936459 ], [ 48.632473, 32.974724600000059 ], [ 48.54719920000008, 32.98363020000005 ], [ 48.504566300000079, 32.961689900000067 ], [ 48.389678999000068, 32.965453801000024 ], [ 48.275955199000066, 32.996697100000063 ], [ 48.179687500000057, 32.900940700000035 ], [ 48.132747699000049, 32.917175900000075 ], [ 48.118682900000067, 32.899032500000033 ], [ 48.128822300000081, 32.870469300000025 ], [ 48.100528700000041, 32.834411 ], [ 48.049026600000047, 32.805785200000059 ], [ 48.055343700000037, 32.786255 ], [ 48.068241200000045, 32.78888610000007 ], [ 48.053810100000078, 32.772082200000057 ], [ 48.068679900000063, 32.764263 ], [ 48.059997500000065, 32.74037270000008 ], [ 48.086048101000074, 32.719681501000025 ], [ 48.063995300000045, 32.708751100000029 ], [ 48.085922200000027, 32.704982700000073 ], [ 48.088115600000037, 32.689384200000063 ], [ 47.969146600000045, 32.658279900000025 ], [ 47.91055410000007, 32.723507600000062 ], [ 47.939443600000061, 32.762397200000066 ], [ 47.996946001000026, 32.767679400000077 ], [ 48.012502500000039, 32.790460500000052 ], [ 47.994169600000077, 32.843516501000067 ], [ 47.934443101000056, 32.899904100000072 ], [ 47.753325199000074, 32.998240099000043 ], [ 47.690542700000037, 33.002402400000051 ], [ 47.592203900000072, 33.04518180000008 ], [ 47.552204500000073, 33.086019900000053 ], [ 47.541924300000062, 33.078796700000055 ], [ 47.52192460100008, 33.104628400000024 ], [ 47.492754800000057, 33.111291700000038 ], [ 47.474145, 33.144906201000026 ], [ 47.437475500000062, 33.153239800000051 ], [ 47.436918800000058, 33.170466800000042 ], [ 47.399695700000052, 33.197688400000061 ], [ 47.35664010000005, 33.202130500000067 ], [ 47.350803201000076, 33.217966900000079 ], [ 47.288300400000026, 33.237965201000065 ], [ 47.273300900000038, 33.23157290000006 ], [ 47.254411400000038, 33.252131200000065 ], [ 47.232464900000025, 33.247968899000057 ], [ 47.225244300000043, 33.27324 ], [ 47.195517901000073, 33.282683800000029 ], [ 47.201907900000037, 33.302411300000074 ], [ 47.179962100000068, 33.301860401000056 ], [ 47.151352001000078, 33.338525100000027 ], [ 47.106349600000044, 33.332412801000032 ], [ 47.100236, 33.349359100000072 ], [ 47.01023340100005, 33.384082100000057 ], [ 47.02356639900006, 33.424077400000044 ], [ 46.863838600000065, 33.519919500000071 ], [ 46.839391799000055, 33.561583300000052 ], [ 46.864391500000067, 33.577698100000077 ], [ 46.845781600000066, 33.610477800000069 ], [ 46.884671400000059, 33.620191700000078 ], [ 46.942450600000029, 33.620471801000065 ], [ 46.992176800000038, 33.586301900000024 ], [ 47.038013, 33.584640900000068 ], [ 47.022456200000079, 33.628253800000039 ], [ 47.060235700000078, 33.664644200000055 ], [ 47.068011400000046, 33.709917 ], [ 47.086625199000025, 33.696583500000031 ], [ 47.155793800000026, 33.70297510000006 ], [ 47.178850400000044, 33.7227 ], [ 47.241909399000065, 33.725751400000036 ], [ 47.258022200000028, 33.746026801000028 ], [ 47.303855199000054, 33.723810700000058 ], [ 47.408027599000036, 33.735203500000068 ], [ 47.426360600000066, 33.766591300000073 ], [ 47.446363400000052, 33.770202200000028 ], [ 47.457473200000038, 33.805200400000047 ], [ 47.511089100000049, 33.824924600000031 ], [ 47.506922300000042, 33.90715 ], [ 47.47997550000008, 33.942146 ], [ 47.498585100000071, 33.975760800000046 ], [ 47.445249200000035, 34.031037600000047 ], [ 47.426639200000068, 34.084372500000029 ], [ 47.433862399000077, 34.09937350000007 ], [ 47.486918501000048, 34.113264500000071 ], [ 47.476641501000074, 34.158817100000078 ], [ 47.488308, 34.182987600000047 ], [ 47.564977200000044, 34.182148400000074 ], [ 47.694428401000039, 34.276047600000027 ], [ 47.679148500000053, 34.356052800000043 ], [ 47.701094600000033, 34.378271400000074 ] ] ] } },
{ "type": "Feature", "properties": { "Shape_Leng": 11.163474127900001, "Shape_Area": 2.8529095950099999, "ADM1_EN": "Markazi", "ADM1_FA": "مرکزی", "ADM1_PCODE": "IR019", "ADM1_REF": null, "ADM1ALT1EN": null, "ADM1ALT2EN": null, "ADM1ALT1FA": null, "ADM1ALT2FA": null, "ADM0_EN": "Iran (Islamic Republic of)", "ADM0_FA": "ایران (جمهوری اسلامی)", "ADM0_PCODE": "IR", "date": "2019-04-09T00:00:00", "validOn": "2019-05-14T00:00:00", "validTo": null }, "geometry": { "type": "Polygon", "coordinates": [ [ [ 50.362049300000081, 35.570808700000043 ], [ 50.625949400000081, 35.547474700000066 ], [ 50.76762460100008, 35.486918499000069 ], [ 50.877906600000074, 35.484691400000031 ], [ 50.952355900000043, 35.452752800000042 ], [ 50.966245900000047, 35.429695300000049 ], [ 50.879850500000032, 35.209963199000072 ], [ 50.653730199000051, 35.018289800000048 ], [ 50.649840401000063, 34.99968030000008 ], [ 50.692343400000027, 34.951896600000055 ], [ 50.705123, 34.868286800000078 ], [ 50.489279100000033, 34.860230200000046 ], [ 50.451223001000074, 34.826903700000059 ], [ 50.434000100000048, 34.757451400000036 ], [ 50.409273800000051, 34.751902700000073 ], [ 50.341217700000072, 34.759950500000059 ], [ 50.251488700000039, 34.814678700000059 ], [ 50.16731980000003, 34.821345800000074 ], [ 50.122040500000026, 34.755511200000058 ], [ 50.124540600000046, 34.715785200000028 ], [ 50.102037500000051, 34.669390300000032 ], [ 50.108151100000043, 34.62383310000007 ], [ 50.086481100000071, 34.582391100000052 ], [ 50.157040600000073, 34.509117500000059 ], [ 50.148154201000068, 34.473283600000059 ], [ 50.291768900000079, 34.437719800000025 ], [ 50.335105200000044, 34.442168800000047 ], [ 50.33177210000008, 34.406883700000037 ], [ 50.370108100000039, 34.33466020000003 ], [ 50.424554301000057, 34.277442499000074 ], [ 50.428444300000081, 34.211324 ], [ 50.44205450000004, 34.201053100000024 ], [ 50.51706019900007, 34.189933900000028 ], [ 50.595672300000047, 34.216883700000039 ], [ 50.645674900000074, 34.256053400000042 ], [ 50.727624, 34.215214200000048 ], [ 50.796239901000035, 34.23605370000007 ], [ 50.81568290000007, 34.206604200000072 ], [ 50.884855499000082, 34.191333200000031 ], [ 50.897355401000027, 34.157162600000049 ], [ 51.050454100000081, 34.03837149900005 ], [ 51.02003620000005, 33.981835100000069 ], [ 51.048750599000073, 33.936601100000075 ], [ 51.032084201000032, 33.852986399000031 ], [ 51.046807400000034, 33.815768300000059 ], [ 50.965968500000031, 33.741872 ], [ 50.892632800000058, 33.707152701000041 ], [ 50.704011700000081, 33.727148100000079 ], [ 50.595673300000044, 33.66215040000003 ], [ 50.574283600000058, 33.63076140000004 ], [ 50.453725299000041, 33.634652100000039 ], [ 50.337053500000081, 33.615757 ], [ 50.273161300000027, 33.582426500000054 ], [ 50.232881501000065, 33.602702799000042 ], [ 50.191769099000055, 33.531039700000065 ], [ 49.983701600000074, 33.492417601000056 ], [ 49.972035100000028, 33.467698600000062 ], [ 49.990368400000079, 33.419921400000078 ], [ 49.959812, 33.415750401000025 ], [ 49.937312300000031, 33.384088101000032 ], [ 49.908699600000034, 33.407417201000044 ], [ 49.806750700000066, 33.437977600000067 ], [ 49.762304199000027, 33.526308500000027 ], [ 49.712301600000046, 33.568531900000039 ], [ 49.651465600000051, 33.586307500000032 ], [ 49.636185800000078, 33.625199001000055 ], [ 49.59562950000003, 33.65659700100008 ], [ 49.633129001000043, 33.696868699000049 ], [ 49.618962100000033, 33.742420700000025 ], [ 49.52838009900006, 33.687962600000048 ], [ 49.435898100000031, 33.699648899000067 ], [ 49.431178400000078, 33.736318 ], [ 49.410065, 33.750481799000056 ], [ 49.360619101000054, 33.738258700000074 ], [ 49.382008699000039, 33.694647500000031 ], [ 49.355619200000035, 33.676872500000059 ], [ 49.351449200000047, 33.652976500000079 ], [ 49.29645, 33.650204900000062 ], [ 49.284226900000078, 33.604091600000061 ], [ 49.215611100000046, 33.612974800000075 ], [ 49.195054600000049, 33.68631490100006 ], [ 49.141718700000069, 33.721593901000062 ], [ 49.075606, 33.717982900000038 ], [ 49.070326300000033, 33.688815300000044 ], [ 49.050883300000066, 33.703259100000025 ], [ 49.016713500000037, 33.69908840100004 ], [ 49.011713601000054, 33.767705 ], [ 48.982267200000081, 33.798261800000034 ], [ 48.99393339900007, 33.829928600000073 ], [ 48.975877100000048, 33.83965070000005 ], [ 49.006156600000054, 33.867146600000069 ], [ 48.993656700000031, 33.890480900000057 ], [ 49.012266300000078, 33.906042901000035 ], [ 48.959487101000036, 33.907983500000057 ], [ 48.961986701000058, 33.949930100000074 ], [ 49.008932900000048, 33.981874800000071 ], [ 49.041712500000074, 33.976314600000023 ], [ 49.175330400000064, 34.111598300000026 ], [ 49.138384301000031, 34.119378400000073 ], [ 49.093938, 34.162719700000025 ], [ 49.123384200000032, 34.19104180000005 ], [ 49.121717300000057, 34.248821900000053 ], [ 49.020878400000072, 34.309659399000054 ], [ 49.007265001000064, 34.384383700000058 ], [ 48.954762300000027, 34.382993800000065 ], [ 48.951152400000069, 34.399102600000049 ], [ 49.003655, 34.423829401000035 ], [ 49.015601700000047, 34.447725500000047 ], [ 49.003654900000072, 34.465782700000034 ], [ 49.054767501000072, 34.505217400000049 ], [ 49.001154499000052, 34.597447300000056 ], [ 49.060046999000065, 34.634947801000067 ], [ 49.081156901000043, 34.584670399000061 ], [ 49.106993400000079, 34.58661040000004 ], [ 49.134772800000064, 34.613554100000044 ], [ 49.131439399000044, 34.676065600000072 ], [ 49.103103100000055, 34.753560600000071 ], [ 49.149215600000048, 34.797174200000029 ], [ 49.163105200000075, 34.860787500000072 ], [ 49.196441400000026, 34.861346900000058 ], [ 49.211717900000053, 34.842175800000064 ], [ 49.303666600000042, 34.911903500000051 ], [ 49.388115500000026, 34.915232600000024 ], [ 49.388949100000048, 34.945228100000065 ], [ 49.407281800000078, 34.956071400000042 ], [ 49.405062100000066, 35.009682400000031 ], [ 49.288943300000028, 35.006064800000047 ], [ 49.259777, 35.042183100000045 ], [ 49.306446200000039, 35.084957400000064 ], [ 49.352558900000076, 35.074124200000028 ], [ 49.355615700000044, 35.057463700000028 ], [ 49.411171900000056, 35.034119101000044 ], [ 49.447284600000046, 35.091903 ], [ 49.466173900000058, 35.179124100000024 ], [ 49.426171, 35.222182100000055 ], [ 49.370335100000034, 35.234962 ], [ 49.374781600000063, 35.263299400000051 ], [ 49.350891999000055, 35.27968640000006 ], [ 49.40700430000004, 35.363854700000047 ], [ 49.395338, 35.386354200000028 ], [ 49.432283900000073, 35.419413100000043 ], [ 49.550899400000048, 35.403578500000037 ], [ 49.622848500000032, 35.448855500000036 ], [ 49.682294200000058, 35.44719630000003 ], [ 49.693683800000031, 35.481082900000047 ], [ 49.669794200000069, 35.518304600000079 ], [ 49.687573900000075, 35.534137900000076 ], [ 49.792856100000051, 35.513309600000071 ], [ 49.880358299000079, 35.546914600000036 ], [ 49.972307201000035, 35.506087401000059 ], [ 50.043146600000057, 35.50552840000006 ], [ 50.194264600000054, 35.524409700000035 ], [ 50.275100199000065, 35.558032600000047 ], [ 50.362049300000081, 35.570808700000043 ] ] ] } },
{ "type": "Feature", "properties": { "Shape_Leng": 10.8221302209, "Shape_Area": 2.3809883959299998, "ADM1_EN": "Mazandaran", "ADM1_FA": "مازندران", "ADM1_PCODE": "IR020", "ADM1_REF": null, "ADM1ALT1EN": null, "ADM1ALT2EN": null, "ADM1ALT1FA": null, "ADM1ALT2FA": null, "ADM0_EN": "Iran (Islamic Republic of)", "ADM0_FA": "ایران (جمهوری اسلامی)", "ADM0_PCODE": "IR", "date": "2019-04-09T00:00:00", "validOn": "2019-05-14T00:00:00", "validTo": null }, "geometry": { "type": "MultiPolygon", "coordinates": [ [ [ [ 54.007942200000059, 36.915661900000032 ], [ 54.018630776000066, 36.902055275000066 ], [ 53.958847, 36.902357500000051 ], [ 53.968974999000068, 36.910730499000067 ], [ 54.007942200000059, 36.915661900000032 ] ] ], [ [ [ 50.592640450000033, 36.965640317000066 ], [ 50.691415500000062, 36.904327200000068 ], [ 51.044542300000046, 36.74657220000006 ], [ 51.231125301000077, 36.705574700000057 ], [ 51.428233404000082, 36.685337976000028 ], [ 51.65960860000007, 36.599386100000061 ], [ 51.898628100000053, 36.571170300000063 ], [ 52.019959700000072, 36.579292200000054 ], [ 52.43994790000005, 36.679665100000079 ], [ 52.831662100000074, 36.741075900000055 ], [ 53.256415616000027, 36.847386866000079 ], [ 53.950950500000033, 36.906063700000061 ], [ 53.958962795000048, 36.897186624000028 ], [ 53.742347927000026, 36.86512891700005 ], [ 53.614678501000071, 36.869158500000026 ], [ 53.511147600000072, 36.851933901000052 ], [ 53.580780400000037, 36.834837800000059 ], [ 53.584088238000049, 36.845589094000047 ], [ 53.592603608000047, 36.845274662000065 ], [ 53.580523074000041, 36.825451586000042 ], [ 53.435272400000031, 36.841720600000031 ], [ 53.362767, 36.820828600000027 ], [ 53.42054660000008, 36.794648700000039 ], [ 53.447934200000077, 36.80266830000005 ], [ 53.446552, 36.790930200000048 ], [ 53.476110500000061, 36.781436300000053 ], [ 53.599443200000053, 36.778443 ], [ 53.670107858000051, 36.798931381000045 ], [ 53.71132840000007, 36.784309700000051 ], [ 53.862214799000071, 36.781559200000061 ], [ 53.869158, 36.673610100000076 ], [ 53.964720399000043, 36.675285 ], [ 54.098335500000076, 36.619721800000036 ], [ 54.12750520000003, 36.572494400000039 ], [ 54.130561799000077, 36.518049599000051 ], [ 54.125558500000068, 36.491109701000028 ], [ 54.012499800000057, 36.445550100000048 ], [ 53.939160600000037, 36.437497200000053 ], [ 53.910551, 36.413887400000078 ], [ 53.879991301000075, 36.367215600000065 ], [ 53.953883800000028, 36.305828999000028 ], [ 53.927774200000044, 36.257493300000078 ], [ 53.880824600000039, 36.215272700000071 ], [ 53.789989, 36.176654300000052 ], [ 53.679150200000038, 36.09832190000003 ], [ 53.37052390000008, 36.060266200000058 ], [ 53.224685550000061, 35.967764899000031 ], [ 53.223295599000039, 35.928315700000041 ], [ 53.06495410000008, 35.914985300000069 ], [ 53.02467450000006, 35.889153200000067 ], [ 53.017451400000027, 35.853594601000054 ], [ 52.987451700000065, 35.83554 ], [ 52.92078250000003, 35.837757300000078 ], [ 52.704938300000038, 35.928036100000043 ], [ 52.567986400000052, 35.943313 ], [ 52.435758100000044, 35.912208900000053 ], [ 52.37825550000008, 35.848591700000043 ], [ 52.292139900000052, 35.815537500000062 ], [ 52.23741380000007, 35.769699699000057 ], [ 52.072685600000057, 35.76331730000004 ], [ 51.882121100000063, 35.857199500000036 ], [ 51.769892200000072, 36.000227100000075 ], [ 51.586550799000065, 36.090264800000057 ], [ 51.493768499000055, 36.118046500000048 ], [ 51.444875700000068, 36.149431800000059 ], [ 51.315984, 36.154432600000064 ], [ 51.267924300000061, 36.184158700000069 ], [ 51.201531899000031, 36.162488100000076 ], [ 50.852905700000065, 36.291106 ], [ 50.856515399000045, 36.345547900000042 ], [ 50.834568900000079, 36.404715500000066 ], [ 50.679840600000034, 36.499997600000029 ], [ 50.592058200000054, 36.526876700000059 ], [ 50.486219, 36.590828599000076 ], [ 50.359823600000027, 36.641665900000078 ], [ 50.432329300000049, 36.730004500000064 ], [ 50.432606, 36.856667899000058 ], [ 50.476775300000043, 36.877509400000065 ], [ 50.512888199000031, 36.875006700000029 ], [ 50.592640450000033, 36.965640317000066 ] ] ] ] } },
{ "type": "Feature", "properties": { "Shape_Leng": 8.5550845011100005, "Shape_Area": 2.8681406781700001, "ADM1_EN": "North Khorasan", "ADM1_FA": "خراسان شمالی", "ADM1_PCODE": "IR021", "ADM1_REF": null, "ADM1ALT1EN": null, "ADM1ALT2EN": null, "ADM1ALT1FA": null, "ADM1ALT2FA": null, "ADM0_EN": "Iran (Islamic Republic of)", "ADM0_FA": "ایران (جمهوری اسلامی)", "ADM0_PCODE": "IR", "date": "2019-04-09T00:00:00", "validOn": "2019-05-14T00:00:00", "validTo": null }, "geometry": { "type": "Polygon", "coordinates": [ [ [ 56.753936200000055, 38.284593900000061 ], [ 56.840471200000081, 38.229899700000033 ], [ 56.991998500000079, 38.214343900000074 ], [ 57.009767100000033, 38.186866800000075 ], [ 57.025, 38.201944 ], [ 57.076111, 38.199444 ], [ 57.176111, 38.280278001000056 ], [ 57.239167, 38.273889 ], [ 57.251389, 38.238611 ], [ 57.278333, 38.219722 ], [ 57.288333, 38.170555999000044 ], [ 57.371111, 38.093055999000057 ], [ 57.348333, 37.998889 ], [ 57.356944, 37.985833 ], [ 57.512192300000038, 37.919263 ], [ 57.579624100000046, 37.938042199000051 ], [ 57.628644300000076, 37.922218200000032 ], [ 57.720367600000031, 37.921856400000024 ], [ 57.75414039900005, 37.897494900000027 ], [ 57.795835200000056, 37.899553 ], [ 57.825473800000054, 37.863246500000059 ], [ 57.891576500000042, 37.870762400000046 ], [ 58.027855401000068, 37.805902500000059 ], [ 58.203254400000048, 37.775363700000071 ], [ 58.228771100000074, 37.729696200000035 ], [ 58.227046699000027, 37.684036500000047 ], [ 58.311204800000041, 37.662222 ], [ 58.357507500000054, 37.605452399000058 ], [ 58.370913400000063, 37.584674500000062 ], [ 58.355818500000055, 37.526674400000047 ], [ 58.357986900000071, 37.422792400000048 ], [ 58.316040500000042, 37.355853700000068 ], [ 58.327426900000034, 37.32585 ], [ 58.422712500000046, 37.256678601000033 ], [ 58.420485400000075, 37.243901700000038 ], [ 58.382706, 37.207792201000075 ], [ 58.324373200000082, 37.199459600000068 ], [ 58.304926899000066, 37.16806310100003 ], [ 58.242980600000067, 37.181120499000031 ], [ 58.15901480000008, 37.075130500000057 ], [ 58.244093601000031, 37.046954 ], [ 58.24964680000005, 37.020005900000058 ], [ 58.292706300000077, 37.002787 ], [ 58.301052700000071, 36.964463900000055 ], [ 58.258813199000031, 36.910835200000065 ], [ 58.185754100000054, 36.895279400000049 ], [ 58.134361100000035, 36.864724600000045 ], [ 58.09880830000003, 36.868892899000059 ], [ 58.094641800000034, 36.808617200000072 ], [ 58.110747899000046, 36.77278240000004 ], [ 58.087974600000052, 36.722503 ], [ 58.105747501000053, 36.645555601000069 ], [ 58.082414400000062, 36.599995900000067 ], [ 58.016855100000043, 36.582497300000057 ], [ 57.936022900000069, 36.584721900000034 ], [ 57.752124900000069, 36.640558099000032 ], [ 57.658506100000068, 36.680559501000062 ], [ 57.588780100000065, 36.734164500000077 ], [ 57.489888300000075, 36.769163700000036 ], [ 57.03292, 36.871397200000047 ], [ 56.721239900000057, 36.798895100000038 ], [ 56.651237299000059, 36.767778100000044 ], [ 56.532065200000034, 36.667503400000044 ], [ 56.50178550000004, 36.664441700000054 ], [ 56.446502801000065, 36.694167300000061 ], [ 56.35955720000004, 36.682776200000035 ], [ 56.365110501000061, 36.753056800000024 ], [ 56.264551600000061, 36.838060100000064 ], [ 56.221492100000034, 36.900836201000061 ], [ 56.014537800000028, 36.834450100000026 ], [ 55.997314601000028, 36.864448 ], [ 56.00481810000008, 36.879725600000029 ], [ 55.984261599000035, 36.900008200000059 ], [ 55.97917840000008, 36.996245300000055 ], [ 56.014537899000061, 37.006957099000033 ], [ 56.040097800000069, 37.100291501000072 ], [ 55.994261600000073, 37.119181900000058 ], [ 56.062874400000055, 37.160848601000055 ], [ 56.008704900000055, 37.234456700000067 ], [ 55.951482300000066, 37.204456500000049 ], [ 55.908702700000049, 37.205572400000051 ], [ 55.908423, 37.332340500000043 ], [ 56.013985, 37.366409 ], [ 56.00120540000006, 37.442522100000076 ], [ 56.05843150000004, 37.519192600000054 ], [ 56.061208200000067, 37.572246700000051 ], [ 56.118711, 37.634747600000026 ], [ 56.215660300000081, 37.859482200000059 ], [ 56.280386100000044, 37.867257700000039 ], [ 56.310389400000076, 37.910313600000052 ], [ 56.308999500000027, 38.007254100000068 ], [ 56.288975600000072, 38.084658300000058 ], [ 56.335248, 38.077249600000073 ], [ 56.333037700000034, 38.099214801000073 ], [ 56.352079, 38.11716430000007 ], [ 56.318520500000034, 38.179072201000054 ], [ 56.442777999000043, 38.26 ], [ 56.546667, 38.266111 ], [ 56.613889, 38.240556 ], [ 56.664167001000067, 38.268333 ], [ 56.753936200000055, 38.284593900000061 ] ] ] } },
{ "type": "Feature", "properties": { "Shape_Leng": 7.7389772027600001, "Shape_Area": 1.5566477936200001, "ADM1_EN": "Qazvin", "ADM1_FA": "قزوین", "ADM1_PCODE": "IR022", "ADM1_REF": null, "ADM1ALT1EN": null, "ADM1ALT2EN": null, "ADM1ALT1FA": null, "ADM1ALT2FA": null, "ADM0_EN": "Iran (Islamic Republic of)", "ADM0_FA": "ایران (جمهوری اسلامی)", "ADM0_PCODE": "IR", "date": "2019-04-09T00:00:00", "validOn": "2019-05-14T00:00:00", "validTo": null }, "geometry": { "type": "Polygon", "coordinates": [ [ [ 49.280605200000082, 36.815557800000079 ], [ 49.340608300000042, 36.742221700000073 ], [ 49.493117, 36.603606600000035 ], [ 49.615622, 36.606939 ], [ 49.787661300000082, 36.55938290000006 ], [ 49.900846600000079, 36.582570800000042 ], [ 49.935983400000055, 36.57249610000008 ], [ 49.938971001000027, 36.602637900000047 ], [ 50.058153900000036, 36.60406160000008 ], [ 50.201205600000037, 36.678055900000061 ], [ 50.241765100000066, 36.676110900000026 ], [ 50.313154200000042, 36.640837400000066 ], [ 50.361770500000034, 36.641116600000032 ], [ 50.486219, 36.590828599000076 ], [ 50.592058200000054, 36.526876700000059 ], [ 50.679840600000034, 36.499997600000029 ], [ 50.834568900000079, 36.404715500000066 ], [ 50.856515399000045, 36.345547900000042 ], [ 50.847912701000041, 36.294016100000078 ], [ 50.653451200000063, 36.33470999900004 ], [ 50.49594280000008, 36.342214200000058 ], [ 50.434830100000056, 36.328880900000058 ], [ 50.413497800000073, 36.309040800000048 ], [ 50.432063600000049, 36.245245100000034 ], [ 50.678174500000068, 36.115261200000077 ], [ 50.577612199000043, 36.082486700000061 ], [ 50.54733630100003, 36.018313500000033 ], [ 50.425941100000045, 36.001649600000064 ], [ 50.373161799000059, 35.898308500000041 ], [ 50.297046200000068, 35.822476400000028 ], [ 50.250403, 35.806938 ], [ 50.243710700000065, 35.64775080000004 ], [ 50.163428200000055, 35.614139900000055 ], [ 50.228710900000067, 35.549971800000037 ], [ 50.205931300000032, 35.528864 ], [ 49.992310400000065, 35.503580700000043 ], [ 49.880358299000079, 35.546914600000036 ], [ 49.792856100000051, 35.513309600000071 ], [ 49.687573900000075, 35.534137900000076 ], [ 49.669794200000069, 35.518304600000079 ], [ 49.693683800000031, 35.481082900000047 ], [ 49.684240700000032, 35.448855500000036 ], [ 49.622848500000032, 35.448855500000036 ], [ 49.54270420000006, 35.402709100000038 ], [ 49.416170700000066, 35.431911500000069 ], [ 49.391171, 35.425247500000069 ], [ 49.29227540100004, 35.466907300000059 ], [ 49.167550101000074, 35.491072900000063 ], [ 49.134213700000032, 35.52246940100008 ], [ 49.130047200000035, 35.566920799000059 ], [ 49.047541300000034, 35.617194400000074 ], [ 48.883922900000073, 35.699415700000031 ], [ 48.779750600000057, 35.733582400000046 ], [ 48.736323700000071, 35.72395750000004 ], [ 48.724747799000056, 35.756912400000033 ], [ 48.784473700000035, 35.884145900000078 ], [ 48.903368500000056, 35.982477700000061 ], [ 48.934201801000029, 35.930537300000026 ], [ 49.05532050000005, 35.878314700000033 ], [ 49.075876799000071, 35.889978100000064 ], [ 49.071710100000075, 35.923867800000039 ], [ 49.151712600000053, 35.929978800000072 ], [ 49.218938, 35.985533500000031 ], [ 49.30199729900005, 35.975818200000049 ], [ 49.403392600000075, 36.055819499000052 ], [ 49.410892200000035, 36.13665160000005 ], [ 49.433671899000046, 36.193040500000052 ], [ 49.391445300000044, 36.271652501000062 ], [ 49.424501700000064, 36.327212800000041 ], [ 49.370888901000058, 36.338599900000077 ], [ 49.33699929900007, 36.389435200000037 ], [ 49.277553200000057, 36.388327100000026 ], [ 49.191157499000042, 36.428602200000057 ], [ 49.109765, 36.433601399000054 ], [ 49.060595400000068, 36.495824900000059 ], [ 48.971979200000078, 36.553324200000077 ], [ 49.018648700000028, 36.651110500000073 ], [ 49.061816, 36.680173100000047 ], [ 49.066486200000043, 36.71918560000006 ], [ 49.108365700000036, 36.778068700000063 ], [ 49.157837, 36.778009300000065 ], [ 49.189148700000032, 36.760753900000054 ], [ 49.280605200000082, 36.815557800000079 ] ] ] } },
{ "type": "Feature", "properties": { "Shape_Leng": 5.2571866950099997, "Shape_Area": 1.13098764226, "ADM1_EN": "Qom", "ADM1_FA": "قم", "ADM1_PCODE": "IR023", "ADM1_REF": null, "ADM1ALT1EN": null, "ADM1ALT2EN": null, "ADM1ALT1FA": null, "ADM1ALT2FA": null, "ADM0_EN": "Iran (Islamic Republic of)", "ADM0_FA": "ایران (جمهوری اسلامی)", "ADM0_PCODE": "IR", "date": "2019-04-09T00:00:00", "validOn": "2019-05-14T00:00:00", "validTo": null }, "geometry": { "type": "Polygon", "coordinates": [ [ [ 50.086204599000041, 34.583562100000051 ], [ 50.108151100000043, 34.62383310000007 ], [ 50.102037500000051, 34.669390300000032 ], [ 50.124540600000046, 34.715785200000028 ], [ 50.122040500000026, 34.755511200000058 ], [ 50.16731980000003, 34.821345800000074 ], [ 50.251488700000039, 34.814678700000059 ], [ 50.341217700000072, 34.759950500000059 ], [ 50.409273800000051, 34.751902700000073 ], [ 50.434000100000048, 34.757451400000036 ], [ 50.451223001000074, 34.826903700000059 ], [ 50.489279100000033, 34.860230200000046 ], [ 50.705123, 34.868286800000078 ], [ 50.692343400000027, 34.951896600000055 ], [ 50.649840401000063, 34.99968030000008 ], [ 50.653730199000051, 35.018289800000048 ], [ 50.806514900000082, 35.152464300000076 ], [ 50.849009300000034, 35.173028600000066 ], [ 50.916520100000071, 35.143291500000032 ], [ 51.012359100000026, 35.138015100000075 ], [ 51.103474600000027, 35.178017001000057 ], [ 51.170420300000046, 35.178296700000033 ], [ 51.48877, 35.10690610000006 ], [ 51.581552400000078, 35.048852200000056 ], [ 51.599328900000046, 35.017731599000058 ], [ 51.733227200000044, 35.001629800000046 ], [ 51.964904600000068, 34.865238700000077 ], [ 51.914345400000059, 34.696902801000078 ], [ 51.861981900000046, 34.583310800000049 ], [ 51.840382300000044, 34.568061100000079 ], [ 51.834167800000046, 34.50595590000006 ], [ 51.325986400000033, 34.441059900000027 ], [ 51.127365400000031, 34.432721300000026 ], [ 51.011526900000035, 34.372167500000046 ], [ 51.014027100000078, 34.287443 ], [ 50.994860800000026, 34.234664 ], [ 50.908188700000039, 34.151882601000068 ], [ 50.884855499000082, 34.191333200000031 ], [ 50.81568290000007, 34.206604200000072 ], [ 50.796239901000035, 34.23605370000007 ], [ 50.727624, 34.215214200000048 ], [ 50.650955099000043, 34.255773600000055 ], [ 50.62623190000005, 34.25299380000007 ], [ 50.595672300000047, 34.216883700000039 ], [ 50.51706019900007, 34.189933900000028 ], [ 50.44205450000004, 34.201053100000024 ], [ 50.428444300000081, 34.211324 ], [ 50.424554301000057, 34.277442499000074 ], [ 50.370108100000039, 34.33466020000003 ], [ 50.33177210000008, 34.406883700000037 ], [ 50.335105200000044, 34.442168800000047 ], [ 50.291768900000079, 34.437719800000025 ], [ 50.148154201000068, 34.473283600000059 ], [ 50.157040600000073, 34.509117500000059 ], [ 50.086204599000041, 34.583562100000051 ] ] ] } },
{ "type": "Feature", "properties": { "Shape_Leng": 20.449963822099999, "Shape_Area": 11.734799946000001, "ADM1_EN": "Razavi Khorasan", "ADM1_FA": "خراسان رضوی", "ADM1_PCODE": "IR024", "ADM1_REF": null, "ADM1ALT1EN": null, "ADM1ALT2EN": null, "ADM1ALT1FA": null, "ADM1ALT2FA": null, "ADM0_EN": "Iran (Islamic Republic of)", "ADM0_FA": "ایران (جمهوری اسلامی)", "ADM0_PCODE": "IR", "date": "2019-04-09T00:00:00", "validOn": "2019-05-14T00:00:00", "validTo": null }, "geometry": { "type": "Polygon", "coordinates": [ [ [ 58.55, 37.705833 ], [ 58.712778, 37.648611 ], [ 58.748889001000066, 37.666944 ], [ 58.804444, 37.666944 ], [ 58.822778, 37.703611 ], [ 58.876389, 37.669167 ], [ 58.941111, 37.667222 ], [ 59.060278, 37.63 ], [ 59.229249700000082, 37.512049900000079 ], [ 59.353479400000083, 37.528416200000038 ], [ 59.392131, 37.47913740000007 ], [ 59.381420700000035, 37.449746400000038 ], [ 59.41134469900004, 37.435773900000072 ], [ 59.377877, 37.407589700000074 ], [ 59.396897701000057, 37.317302900000072 ], [ 59.433495500000049, 37.305485900000065 ], [ 59.436972, 37.285174101000052 ], [ 59.483425900000043, 37.248484 ], [ 59.491833, 37.230042900000058 ], [ 59.47473780100006, 37.214775300000042 ], [ 59.551730700000064, 37.177567700000054 ], [ 59.552540800000031, 37.136204 ], [ 59.643398800000057, 37.119236700000044 ], [ 59.653490800000043, 37.142209900000069 ], [ 59.678998500000034, 37.141219600000056 ], [ 59.747405300000082, 37.107780300000059 ], [ 59.771847800000046, 37.125349500000027 ], [ 59.899529200000075, 37.051445900000033 ], [ 59.98146790100003, 37.047113699000079 ], [ 60.043068700000049, 37.020763500000044 ], [ 60.089004500000044, 36.971724400000028 ], [ 60.104203600000062, 36.924466100000075 ], [ 60.266905, 36.757209500000044 ], [ 60.345542300000034, 36.629393899000036 ], [ 60.67522050000008, 36.622211600000071 ], [ 61.146194200000082, 36.646493 ], [ 61.177778, 36.590556 ], [ 61.182913900000074, 36.527422600000079 ], [ 61.156876700000055, 36.507401800000025 ], [ 61.175757600000054, 36.464162900000076 ], [ 61.16223640000004, 36.452470600000026 ], [ 61.168577700000071, 36.420080400000074 ], [ 61.1425, 36.392778 ], [ 61.160447200000078, 36.330568601000039 ], [ 61.149169200000074, 36.317479500000047 ], [ 61.187182500000063, 36.270348700000056 ], [ 61.191840400000046, 36.226781100000039 ], [ 61.219328301000075, 36.192307500000027 ], [ 61.225130700000079, 36.140555300000074 ], [ 61.210607700000082, 36.127744600000028 ], [ 61.230975901000079, 36.117589601000077 ], [ 61.164722, 36.035278 ], [ 61.17, 35.995278 ], [ 61.117167800000061, 35.962130700000046 ], [ 61.201667, 35.943611001000079 ], [ 61.227499999000031, 35.898889 ], [ 61.245, 35.897222 ], [ 61.261944, 35.813333 ], [ 61.246389, 35.7175 ], [ 61.216654500000061, 35.675801 ], [ 61.273759100000063, 35.609412099000053 ], [ 61.282579199000054, 35.537903300000039 ], [ 61.22207, 35.442909 ], [ 61.227161, 35.421655 ], [ 61.187459, 35.399592 ], [ 61.200429, 35.373588 ], [ 61.18420799900008, 35.370729 ], [ 61.17575, 35.343314 ], [ 61.190296, 35.292865 ], [ 61.157867, 35.275352 ], [ 61.108955, 35.282812 ], [ 61.09177500100003, 35.263737 ], [ 61.09836, 35.2185 ], [ 61.117854001000069, 35.209643999000036 ], [ 61.087117001000081, 35.164807 ], [ 61.13257, 35.135873 ], [ 61.141486001000033, 35.104899 ], [ 61.126077, 35.095384 ], [ 61.145771, 35.080611 ], [ 61.117421, 35.073975 ], [ 61.125996, 35.058857999000054 ], [ 61.1117, 35.060622 ], [ 61.116746, 35.038556 ], [ 61.099702, 35.024205 ], [ 61.121625, 35.003515001000039 ], [ 61.104357, 34.997247 ], [ 61.097467, 34.951861 ], [ 61.062264, 34.917265 ], [ 61.073857, 34.908623 ], [ 61.055943, 34.904862 ], [ 61.080891, 34.876279 ], [ 61.068423, 34.863866001000076 ], [ 61.075061, 34.844264 ], [ 61.055241, 34.782684 ], [ 61.002802, 34.709216500000025 ], [ 61.000798, 34.642976 ], [ 60.984491999000056, 34.619758 ], [ 60.922214, 34.623018 ], [ 60.897272, 34.56726 ], [ 60.848650001000067, 34.542077 ], [ 60.739083, 34.518086 ], [ 60.809274, 34.471653 ], [ 60.849631, 34.368448 ], [ 60.918373, 34.304756001000044 ], [ 60.672032200000046, 34.302753800000062 ], [ 60.66949, 34.272504 ], [ 60.585931, 34.212659999000039 ], [ 60.53742150000005, 34.150697 ], [ 60.51788, 34.072410700000034 ], [ 60.53307600100004, 34.000249499000063 ], [ 60.334460301000036, 33.983821600000056 ], [ 60.183061501000054, 33.866873400000031 ], [ 60.144168599000068, 33.856312 ], [ 60.08805620000004, 33.927704600000027 ], [ 59.991284900000039, 34.004841 ], [ 59.610536, 34.015487500000063 ], [ 59.53609060000008, 34.104096401000049 ], [ 59.347193, 34.107986900000071 ], [ 59.259407400000043, 34.14992970000003 ], [ 59.162462, 34.119098100000031 ], [ 59.044123600000034, 34.123818700000072 ], [ 58.979670800000065, 34.094656500000042 ], [ 58.863832500000058, 34.114378100000067 ], [ 58.785773400000039, 34.081876100000045 ], [ 58.705774501000064, 34.099937 ], [ 58.636321700000053, 34.021600100000057 ], [ 58.465204100000051, 34.127439100000061 ], [ 58.439651400000059, 34.19466170000004 ], [ 58.396871600000054, 34.224932900000056 ], [ 58.370726700000034, 34.289305500000069 ], [ 58.320199700000046, 34.314660300000071 ], [ 58.26408710000004, 34.321329700000035 ], [ 58.189081101000056, 34.241602901000078 ], [ 58.071022600000049, 34.234942400000079 ], [ 58.035183200000063, 34.239103100000079 ], [ 57.916011300000036, 34.32161 ], [ 57.814899500000081, 34.326889699000048 ], [ 57.766006700000048, 34.347159399000077 ], [ 57.749440500000048, 34.366809400000079 ], [ 57.757393300000047, 34.378835700000025 ], [ 57.694334300000037, 34.42855110000005 ], [ 57.640448700000036, 34.520505799000034 ], [ 57.556690100000083, 34.598 ], [ 57.702114800000061, 34.774395 ], [ 57.786573700000076, 34.822289 ], [ 57.711561900000049, 34.91996110000008 ], [ 57.572943500000065, 35.000103900000056 ], [ 57.552943999000036, 35.059125201000029 ], [ 57.515717800000061, 35.071347700000047 ], [ 57.317653600000028, 35.096072100000072 ], [ 57.152645500000062, 35.075515500000051 ], [ 57.000693900000044, 34.998011800000029 ], [ 56.879855200000065, 34.97996130000007 ], [ 56.833742500000028, 34.954405 ], [ 56.820686, 34.937454400000036 ], [ 56.844298800000047, 34.935235100000057 ], [ 56.851522100000068, 34.919123200000058 ], [ 56.790129500000035, 34.837451100000067 ], [ 56.73985009900008, 34.782732700000054 ], [ 56.672344200000055, 34.754393801000049 ], [ 56.438446800000065, 34.682448 ], [ 56.227973600000041, 34.710417200000052 ], [ 56.488446800000077, 35.028574300000059 ], [ 56.626511900000082, 35.06496240000007 ], [ 56.69095769900008, 35.062463801000035 ], [ 56.843742700000064, 35.197742500000061 ], [ 56.937081600000056, 35.221075 ], [ 57.000229600000068, 35.215248600000052 ], [ 57.052087100000051, 35.314969100000042 ], [ 56.991251300000044, 35.441914 ], [ 57.000141400000075, 35.487468700000079 ], [ 57.047640900000033, 35.535528200000044 ], [ 57.034864300000038, 35.564137500000072 ], [ 56.965138700000068, 35.619135800000038 ], [ 56.915412600000082, 35.692756800000041 ], [ 56.760407900000075, 35.813310200000046 ], [ 56.721795300000053, 35.859984200000042 ], [ 56.71429210000008, 35.963590800000077 ], [ 56.731238800000028, 36.089985100000035 ], [ 56.800408, 36.238607200000047 ], [ 56.733182400000032, 36.313053001000071 ], [ 56.698459701000047, 36.388329900000031 ], [ 56.76818540000005, 36.418327 ], [ 56.816798200000051, 36.461942400000055 ], [ 56.864024500000028, 36.520831300000054 ], [ 56.861524800000041, 36.568052800000032 ], [ 56.842078400000048, 36.589721700000041 ], [ 56.769295800000066, 36.615829800000029 ], [ 56.752629500000069, 36.659164400000066 ], [ 56.769019200000059, 36.686945100000059 ], [ 56.758462800000075, 36.703892201000031 ], [ 56.688736900000038, 36.699444 ], [ 56.602067800000043, 36.669169300000078 ], [ 56.532065200000034, 36.667503400000044 ], [ 56.535118500000067, 36.678336501000047 ], [ 56.658737300000041, 36.772784300000069 ], [ 56.721239900000057, 36.798895100000038 ], [ 57.029586600000073, 36.871676300000047 ], [ 57.489888300000075, 36.769163700000036 ], [ 57.588780100000065, 36.734164500000077 ], [ 57.658506100000068, 36.680559501000062 ], [ 57.752124900000069, 36.640558099000032 ], [ 57.936022900000069, 36.584721900000034 ], [ 58.016855100000043, 36.582497300000057 ], [ 58.082414400000062, 36.599995900000067 ], [ 58.105747501000053, 36.645555601000069 ], [ 58.087974600000052, 36.722503 ], [ 58.110747899000046, 36.77278240000004 ], [ 58.094641800000034, 36.808617200000072 ], [ 58.09880830000003, 36.868892899000059 ], [ 58.134361100000035, 36.864724600000045 ], [ 58.185754100000054, 36.895279400000049 ], [ 58.258813199000031, 36.910835200000065 ], [ 58.301052700000071, 36.964463900000055 ], [ 58.292706300000077, 37.002787 ], [ 58.24964680000005, 37.020005900000058 ], [ 58.244093601000031, 37.046954 ], [ 58.15901480000008, 37.075130500000057 ], [ 58.242980600000067, 37.181120499000031 ], [ 58.304926899000066, 37.16806310100003 ], [ 58.324373200000082, 37.199459600000068 ], [ 58.382706, 37.207792201000075 ], [ 58.420485400000075, 37.243901700000038 ], [ 58.422985600000061, 37.256399700000031 ], [ 58.369341301000077, 37.288090100000034 ], [ 58.316873600000065, 37.351679301000047 ], [ 58.354933700000061, 37.408354499000041 ], [ 58.370913400000063, 37.584674500000062 ], [ 58.311204800000041, 37.662222 ], [ 58.35965120000003, 37.661106600000039 ], [ 58.366308700000047, 37.63724650000006 ], [ 58.400194999000064, 37.627996899000038 ], [ 58.49805599900003, 37.647778 ], [ 58.55, 37.705833 ] ] ] } },
{ "type": "Feature", "properties": { "Shape_Leng": 15.9834202243, "Shape_Area": 9.6499395636200003, "ADM1_EN": "Semnan", "ADM1_FA": "سمنان", "ADM1_PCODE": "IR025", "ADM1_REF": null, "ADM1ALT1EN": null, "ADM1ALT2EN": null, "ADM1ALT1FA": null, "ADM1ALT2FA": null, "ADM0_EN": "Iran (Islamic Republic of)", "ADM0_FA": "ایران (جمهوری اسلامی)", "ADM0_PCODE": "IR", "date": "2019-04-09T00:00:00", "validOn": "2019-05-14T00:00:00", "validTo": null }, "geometry": { "type": "Polygon", "coordinates": [ [ [ 55.908422900000062, 37.331961600000056 ], [ 55.908702700000049, 37.205572400000051 ], [ 55.951482300000066, 37.204456500000049 ], [ 56.008704900000055, 37.234456700000067 ], [ 56.062874400000055, 37.160848601000055 ], [ 55.994261600000073, 37.119181900000058 ], [ 56.040097800000069, 37.100291501000072 ], [ 56.014537899000061, 37.006957099000033 ], [ 55.97917840000008, 36.996245300000055 ], [ 55.984261599000035, 36.900008200000059 ], [ 56.00481810000008, 36.879725600000029 ], [ 55.997314601000028, 36.864448 ], [ 56.014537800000028, 36.834450100000026 ], [ 56.221492100000034, 36.900836201000061 ], [ 56.264551600000061, 36.838060100000064 ], [ 56.365110501000061, 36.753056800000024 ], [ 56.361223900000027, 36.681668500000058 ], [ 56.446502801000065, 36.694167300000061 ], [ 56.497895600000049, 36.664720800000055 ], [ 56.593734601000051, 36.668611 ], [ 56.688736900000038, 36.699444 ], [ 56.758462800000075, 36.703892201000031 ], [ 56.769019200000059, 36.686945100000059 ], [ 56.752629500000069, 36.659164400000066 ], [ 56.769295800000066, 36.615829800000029 ], [ 56.842078400000048, 36.589721700000041 ], [ 56.861524800000041, 36.568052800000032 ], [ 56.864024500000028, 36.520831300000054 ], [ 56.816798200000051, 36.461942400000055 ], [ 56.76818540000005, 36.418327 ], [ 56.698459701000047, 36.388329900000031 ], [ 56.733182400000032, 36.313053001000071 ], [ 56.800408, 36.238607200000047 ], [ 56.731238800000028, 36.089985100000035 ], [ 56.71429210000008, 35.963590800000077 ], [ 56.721795300000053, 35.859984200000042 ], [ 56.760407900000075, 35.813310200000046 ], [ 56.915412600000082, 35.692756800000041 ], [ 56.965138700000068, 35.619135800000038 ], [ 57.034864300000038, 35.564137500000072 ], [ 57.047640900000033, 35.535528200000044 ], [ 57.000141400000075, 35.487468700000079 ], [ 56.991251300000044, 35.441914 ], [ 57.052363699000068, 35.321083600000065 ], [ 57.000229600000068, 35.215248600000052 ], [ 56.937081600000056, 35.221075 ], [ 56.855689300000051, 35.202468500000066 ], [ 56.77513, 35.148297699000068 ], [ 56.741517200000033, 35.099680900000067 ], [ 56.69095769900008, 35.062463801000035 ], [ 56.536782800000083, 35.047742700000072 ], [ 56.453723700000069, 34.999960900000076 ], [ 56.163986800000032, 34.626343400000053 ], [ 55.919532700000047, 34.24577510000006 ], [ 52.880500501000029, 34.249105899000028 ], [ 52.74855210000004, 34.333272600000043 ], [ 52.563544400000069, 34.404945600000076 ], [ 52.39436980000005, 34.429392500000063 ], [ 52.139633, 34.402725401000055 ], [ 51.977681600000039, 34.442441100000053 ], [ 51.834167800000046, 34.50595590000006 ], [ 51.840382300000044, 34.568061100000079 ], [ 51.88851260000007, 34.635511 ], [ 51.959071300000062, 34.858012400000064 ], [ 52.001570701000048, 34.918564700000047 ], [ 52.044630200000029, 35.04968260000004 ], [ 52.03463030000006, 35.090517100000056 ], [ 51.954901, 35.15079680000008 ], [ 51.872955200000035, 35.278300701000035 ], [ 51.917939200000035, 35.348220800000036 ], [ 51.943929100000048, 35.361302100000046 ], [ 51.912401300000056, 35.414411500000028 ], [ 51.929624199000045, 35.558584300000064 ], [ 51.957957200000067, 35.578023500000029 ], [ 51.985736899000074, 35.575526 ], [ 52.03518310000004, 35.493583200000046 ], [ 52.257693700000061, 35.440526401000056 ], [ 52.379089200000067, 35.337462099000049 ], [ 52.421868700000061, 35.366076500000077 ], [ 52.536317200000042, 35.401633899000046 ], [ 52.667435600000033, 35.535809200000074 ], [ 52.71327180000003, 35.55524870000005 ], [ 52.801054, 35.549415100000033 ], [ 52.899112800000069, 35.64192009900006 ], [ 52.995785, 35.678865600000051 ], [ 53.020508100000029, 35.710815500000024 ], [ 53.152736499000071, 35.791929700000026 ], [ 53.141069900000048, 35.817755400000067 ], [ 53.047174300000052, 35.81998180000005 ], [ 53.020507800000075, 35.835539900000072 ], [ 53.020784500000048, 35.884150700000077 ], [ 53.06495410000008, 35.914985300000069 ], [ 53.220515600000056, 35.926927701000068 ], [ 53.224685550000061, 35.967764899000031 ], [ 53.37052390000008, 36.060266200000058 ], [ 53.679150200000038, 36.09832190000003 ], [ 53.789989, 36.176654300000052 ], [ 53.887494600000082, 36.219994 ], [ 53.953883800000028, 36.305828999000028 ], [ 53.879991301000075, 36.367215600000065 ], [ 53.939160600000037, 36.437497200000053 ], [ 54.012499800000057, 36.445550100000048 ], [ 54.155285001000038, 36.499720600000046 ], [ 54.379182300000082, 36.520832700000028 ], [ 54.508911, 36.514726100000075 ], [ 54.570860200000027, 36.544997800000033 ], [ 54.649472700000047, 36.618055599000058 ], [ 54.700865500000077, 36.632500700000037 ], [ 54.778091299000039, 36.600278100000025 ], [ 54.865316900000039, 36.629447700000071 ], [ 55.010045399000035, 36.767221 ], [ 55.400897800000052, 36.816957100000025 ], [ 55.500070100000073, 36.901115700000048 ], [ 55.563686200000063, 36.929454500000077 ], [ 55.621465800000067, 37.099175800000069 ], [ 55.705915001000051, 37.191957700000046 ], [ 55.720081400000026, 37.271131900000057 ], [ 55.808625600000028, 37.317863300000056 ], [ 55.908422900000062, 37.331961600000056 ] ] ] } },
{ "type": "Feature", "properties": { "Shape_Leng": 27.795626203299999, "Shape_Area": 16.325590057500001, "ADM1_EN": "Sistan and Baluchestan", "ADM1_FA": "سیستان و بلوچستان", "ADM1_PCODE": "IR026", "ADM1_REF": null, "ADM1ALT1EN": null, "ADM1ALT2EN": null, "ADM1ALT1FA": null, "ADM1ALT2FA": null, "ADM0_EN": "Iran (Islamic Republic of)", "ADM0_FA": "ایران (جمهوری اسلامی)", "ADM0_PCODE": "IR", "date": "2019-04-09T00:00:00", "validOn": "2019-05-14T00:00:00", "validTo": null }, "geometry": { "type": "MultiPolygon", "coordinates": [ [ [ [ 61.539017700000045, 25.185362800000064 ], [ 61.563836600000059, 25.184766100000047 ], [ 61.542777400000034, 25.182097400000032 ], [ 61.539017700000045, 25.185362800000064 ] ] ], [ [ [ 61.778384900000049, 31.302269400000057 ], [ 61.771630800000082, 31.206258800000057 ], [ 61.804546101000028, 31.165779200000031 ], [ 61.83903470000007, 31.036450999000067 ], [ 61.823844600000029, 31.000868100000048 ], [ 61.834701900000027, 30.974098500000025 ], [ 61.785528001000046, 30.933258700000067 ], [ 61.803606300000069, 30.835295599000062 ], [ 60.872855, 29.85854560000007 ], [ 61.162523800000031, 29.533338700000058 ], [ 61.308947, 29.395202 ], [ 61.360123, 29.378458 ], [ 61.372156, 29.321058 ], [ 61.352909, 29.275983 ], [ 61.383051001000069, 29.231095 ], [ 61.430218, 29.199095 ], [ 61.412681, 29.175421 ], [ 61.420823, 29.135652 ], [ 61.474371, 29.123403 ], [ 61.471443, 29.090871999000058 ], [ 61.507259001000079, 29.061686 ], [ 61.511472, 29.04848 ], [ 61.478861, 29.023639 ], [ 61.533361, 29.010222 ], [ 61.645571600000039, 28.802927400000044 ], [ 61.910018, 28.564377001000025 ], [ 62.043906, 28.510134 ], [ 62.389486, 28.432248001000062 ], [ 62.488770999000053, 28.373405 ], [ 62.512278, 28.322855 ], [ 62.597191, 28.24842 ], [ 62.792960501000039, 28.278904400000044 ], [ 62.761021500000084, 28.025923100000057 ], [ 62.828954500000066, 27.764462900000069 ], [ 62.84842290000006, 27.462939100000028 ], [ 62.791328, 27.338783 ], [ 62.824802999000042, 27.299191 ], [ 62.80882, 27.264235 ], [ 62.775572, 27.252896 ], [ 62.82073100100007, 27.218458 ], [ 62.873027, 27.228859 ], [ 62.936973999000031, 27.20144 ], [ 63.040552, 27.23729 ], [ 63.116741, 27.236082001000057 ], [ 63.188379, 27.26052 ], [ 63.224698999000054, 27.225621 ], [ 63.282525, 27.21277 ], [ 63.33327040000006, 27.118400300000076 ], [ 63.307125300000052, 27.129646100000059 ], [ 63.251094400000056, 27.092150599000036 ], [ 63.246334, 26.849903 ], [ 63.185979001000078, 26.836726001000045 ], [ 63.187581, 26.798196 ], [ 63.208945, 26.77333 ], [ 63.191485, 26.770481 ], [ 63.204034, 26.718447 ], [ 63.188476, 26.695306 ], [ 63.19692, 26.647126 ], [ 63.108061, 26.652392 ], [ 63.048856999000066, 26.627540999000075 ], [ 62.989971, 26.649943 ], [ 62.824409, 26.637995 ], [ 62.7947, 26.65100299900007 ], [ 62.753536800000063, 26.645016400000031 ], [ 62.733263, 26.629538001000071 ], [ 62.738103, 26.613237 ], [ 62.689236, 26.60049 ], [ 62.651571, 26.610976 ], [ 62.604098, 26.576272999000025 ], [ 62.445165, 26.566895 ], [ 62.421176200000048, 26.533157800000026 ], [ 62.370225001000051, 26.539377999000067 ], [ 62.303304, 26.508287 ], [ 62.306943, 26.462772 ], [ 62.284882, 26.439747 ], [ 62.257767, 26.446225 ], [ 62.259498, 26.408339 ], [ 62.284695, 26.380344 ], [ 62.250133001000052, 26.346580999000025 ], [ 62.271944, 26.328003 ], [ 62.228243999000028, 26.329538 ], [ 62.215011, 26.267929 ], [ 62.125388, 26.273986 ], [ 62.098288, 26.285776 ], [ 62.085180999000045, 26.318861001000073 ], [ 62.033364, 26.334491 ], [ 62.021768, 26.302815 ], [ 61.961143, 26.260217001000058 ], [ 61.897440999000082, 26.262521 ], [ 61.832838001000027, 26.059377 ], [ 61.841148, 26.03560999900003 ], [ 61.828691, 26.031244 ], [ 61.846411, 26.018672001000027 ], [ 61.818359, 25.967194 ], [ 61.831706, 25.911402 ], [ 61.85684, 25.914788 ], [ 61.890722001000029, 25.883199 ], [ 61.842189999000027, 25.877674001000059 ], [ 61.820408, 25.849211 ], [ 61.851539001000049, 25.816431 ], [ 61.836235, 25.79851099900003 ], [ 61.840067, 25.744839999000078 ], [ 61.808565, 25.73789 ], [ 61.798234, 25.717887 ], [ 61.736329, 25.741719999000054 ], [ 61.729431, 25.713611 ], [ 61.691367, 25.693464 ], [ 61.69629, 25.667996 ], [ 61.672325, 25.647835 ], [ 61.654108300000075, 25.332726 ], [ 61.617836200000056, 25.176862 ], [ 61.579816900000083, 25.181277200000068 ], [ 61.578730090000079, 25.193688226000063 ], [ 61.60594240000006, 25.196579001000032 ], [ 61.615197700000067, 25.203485600000079 ], [ 61.615454199000055, 25.205804100000023 ], [ 61.58916109900008, 25.20478349900003 ], [ 61.591460400000074, 25.226159900000027 ], [ 61.570411100000058, 25.211804800000039 ], [ 61.59018350000008, 25.238760600000035 ], [ 61.579192600000056, 25.235052800000062 ], [ 61.582551300000034, 25.238173 ], [ 61.57295750000003, 25.26021060000005 ], [ 61.578462172000059, 25.239071442000068 ], [ 61.550375200000076, 25.231684800000039 ], [ 61.552266900000063, 25.23916580100007 ], [ 61.537660699000071, 25.249574100000075 ], [ 61.54905350000007, 25.259979400000077 ], [ 61.536517900000035, 25.253806300000065 ], [ 61.553871700000059, 25.294763700000033 ], [ 61.544936401000029, 25.284511100000032 ], [ 61.550405101000081, 25.300648100000046 ], [ 61.537342400000057, 25.304121499000075 ], [ 61.528325500000051, 25.300686600000063 ], [ 61.542594800000074, 25.297792 ], [ 61.545026900000039, 25.276921400000049 ], [ 61.532181501000082, 25.286057800000037 ], [ 61.53608360000004, 25.243895500000065 ], [ 61.523635700000057, 25.251782 ], [ 61.51457429900006, 25.245822400000065 ], [ 61.546743922000076, 25.238393539000072 ], [ 61.535097, 25.231791600000065 ], [ 61.560138400000028, 25.219428700000037 ], [ 61.557768700000054, 25.204480700000033 ], [ 61.546069600000067, 25.213115200000061 ], [ 61.52951870000004, 25.201629100000048 ], [ 61.537143701000048, 25.20260490000004 ], [ 61.546843, 25.195624600000031 ], [ 61.495136817000059, 25.170048526000073 ], [ 61.507409901000074, 25.182365600000026 ], [ 61.494810600000051, 25.195104201000049 ], [ 61.457613500000036, 25.18442820000007 ], [ 61.486803800000075, 25.179325800000072 ], [ 61.50196690000007, 25.156934100000058 ], [ 61.480543001000058, 25.142411300000049 ], [ 61.481925351000029, 25.101888963000079 ], [ 61.41125, 25.080554500000062 ], [ 61.421837200000027, 25.05945070100006 ], [ 61.182034973000043, 25.123808564000058 ], [ 61.182012500000042, 25.148613100000034 ], [ 61.173202500000059, 25.170619200000033 ], [ 60.737105600000064, 25.272129200000052 ], [ 60.610679100000027, 25.285222800000042 ], [ 60.62685919900008, 25.303917601000023 ], [ 60.595299800000078, 25.347679500000027 ], [ 60.613858600000071, 25.382420600000046 ], [ 60.595890600000075, 25.409586500000046 ], [ 60.605251600000031, 25.40391070000004 ], [ 60.61623730000008, 25.406507500000032 ], [ 60.539146, 25.442471200000057 ], [ 60.475994200000059, 25.436066800000049 ], [ 60.434307371000045, 25.411446948000048 ], [ 60.464638100000059, 25.434823900000026 ], [ 60.446199400000069, 25.428633600000069 ], [ 60.405706300000077, 25.375395600000047 ], [ 60.402789400000074, 25.366311600000074 ], [ 60.433299500000032, 25.357836400000053 ], [ 60.434167700000046, 25.357174699000041 ], [ 60.435214300000041, 25.354891500000065 ], [ 60.40375540000008, 25.365841200000034 ], [ 60.40866230000006, 25.337987100000078 ], [ 60.453880300000037, 25.330366899000069 ], [ 60.447606800000074, 25.31538450000005 ], [ 60.467594200000065, 25.28744080000007 ], [ 60.424906299000043, 25.298353099000053 ], [ 60.41863089900005, 25.314915700000029 ], [ 60.309132236000039, 25.335712765000039 ], [ 60.299944900000071, 25.387841700000024 ], [ 60.316387200000065, 25.370540800000072 ], [ 60.329273800000067, 25.363831100000027 ], [ 60.303643299000043, 25.389854400000047 ], [ 60.307613500000059, 25.395970601000045 ], [ 60.318006, 25.399761400000045 ], [ 60.322758201000056, 25.402548901000046 ], [ 60.323550500000067, 25.405135400000063 ], [ 60.286712500000078, 25.393657801000074 ], [ 60.296154100000081, 25.384017500000027 ], [ 60.263040500000045, 25.388717700000029 ], [ 60.196359500000028, 25.36581760100006 ], [ 60.203574300000071, 25.376926 ], [ 60.190054901000053, 25.386183801000072 ], [ 60.191578600000071, 25.393750399000055 ], [ 60.190734700000064, 25.395328100000029 ], [ 60.188223700000037, 25.396928 ], [ 60.175538700000061, 25.379723900000045 ], [ 60.196835400000055, 25.379346401000078 ], [ 60.189383900000053, 25.345777300000066 ], [ 60.209659940000051, 25.331640847000074 ], [ 60.197892200000069, 25.324617399000033 ], [ 60.115781001000073, 25.346276900000078 ], [ 60.110042200000066, 25.370997700000032 ], [ 60.081200100000046, 25.379950300000075 ], [ 59.988918099000045, 25.376443300000062 ], [ 59.894719976000033, 25.352184860000023 ], [ 59.95567230000006, 25.380891 ], [ 59.958389200000056, 25.386172500000043 ], [ 59.90472630000005, 25.372595900000078 ], [ 59.89178034300005, 25.349994819000074 ], [ 59.818159200000082, 25.402933899000061 ], [ 59.594134183000051, 25.392701062000071 ], [ 59.542785200000083, 25.412834600000053 ], [ 59.489119101000028, 25.46497480000005 ], [ 59.404742800000065, 25.463888900000029 ], [ 59.381467813000029, 25.477210679000052 ], [ 59.355872800000043, 25.547336699000027 ], [ 59.365198900000053, 25.483686400000067 ], [ 59.342246400000079, 25.491461100000038 ], [ 59.388365829000065, 25.463872235000053 ], [ 59.260933950000037, 25.438388951000036 ], [ 59.264278900000079, 25.455462800000078 ], [ 59.293284400000061, 25.460934400000042 ], [ 59.230927500000064, 25.46592170100007 ], [ 59.25980190000007, 25.49706690000005 ], [ 59.21799070000003, 25.467651400000022 ], [ 59.210492600000066, 25.557801400000073 ], [ 59.235772500000053, 25.636700100000041 ], [ 59.211326600000064, 25.691416700000048 ], [ 59.218832999000028, 25.740587800000071 ], [ 59.083549100000027, 25.850866200000041 ], [ 59.072156, 25.894481700000028 ], [ 58.99771080000005, 25.937814001000049 ], [ 59.019096700000034, 25.973370600000067 ], [ 59.080489200000045, 25.996152 ], [ 59.082716300000072, 26.030312700000025 ], [ 59.021877200000063, 26.130869800000028 ], [ 59.028823900000077, 26.166987 ], [ 58.982984599000076, 26.217262701000038 ], [ 58.976045300000067, 26.28671 ], [ 58.943265799000073, 26.335596100000032 ], [ 58.879653500000074, 26.353383 ], [ 58.88437360000006, 26.423655800000063 ], [ 58.843814200000054, 26.483106500000076 ], [ 58.922433100000035, 26.515043500000047 ], [ 59.000355100000036, 26.500322900000072 ], [ 59.006045101000041, 26.528102500000045 ], [ 59.037438200000054, 26.550601900000061 ], [ 58.999658800000077, 26.596439 ], [ 59.017711900000052, 26.656159199000058 ], [ 58.997992200000056, 26.685329900000056 ], [ 58.990492600000039, 26.75922 ], [ 58.905760800000053, 26.787829900000077 ], [ 58.850761500000033, 26.831160500000067 ], [ 58.864374800000064, 26.908663600000068 ], [ 58.912987600000065, 26.99992960000003 ], [ 58.876874901000065, 27.037279400000045 ], [ 58.848542200000054, 27.101727700000026 ], [ 58.831036400000073, 27.253673500000048 ], [ 58.901042600000039, 27.576456800000074 ], [ 58.890490100000079, 27.898123500000054 ], [ 58.932436200000041, 27.973132200000066 ], [ 58.933823100000041, 28.029801101000032 ], [ 59.014554600000054, 28.107065600000055 ], [ 59.128104600000029, 28.112376400000073 ], [ 59.148384300000032, 28.127376300000037 ], [ 59.161439200000075, 28.250718600000027 ], [ 59.126160301000027, 28.298492700000054 ], [ 59.122547800000063, 28.363219100000038 ], [ 59.06234839900003, 28.417183600000044 ], [ 59.221892800000035, 28.475365300000078 ], [ 59.536348001000079, 28.473139700000047 ], [ 59.564407900000049, 28.505081300000029 ], [ 59.546075, 28.623697100000072 ], [ 59.562741500000072, 28.690367600000059 ], [ 59.550515499000028, 28.815929200000028 ], [ 59.496903200000077, 28.96093 ], [ 59.505516800000066, 28.999819900000034 ], [ 59.570795899000075, 29.082039100000031 ], [ 59.494404200000076, 29.244542200000069 ], [ 59.463571700000045, 29.374269100000049 ], [ 59.433573600000045, 29.871778500000062 ], [ 59.449406600000032, 29.993447500000059 ], [ 59.424961200000041, 30.252625901000044 ], [ 59.463574701000027, 30.516794600000026 ], [ 59.877482600000064, 30.709848700000066 ], [ 59.942208600000072, 30.765687700000058 ], [ 59.951928500000065, 30.882353300000034 ], [ 59.977488500000049, 30.919856200000027 ], [ 60.165552600000069, 30.931526500000075 ], [ 60.221945199000061, 30.951248600000042 ], [ 60.249998100000028, 30.993193700000063 ], [ 60.299171001000047, 31.022637899000074 ], [ 60.248611700000083, 31.109862600000042 ], [ 60.275558500000045, 31.149860900000078 ], [ 60.387783400000046, 31.224587099000075 ], [ 60.658353600000055, 31.285972400000048 ], [ 60.743078800000035, 31.329033499000047 ], [ 60.83725110000006, 31.416259300000036 ], [ 60.856057, 31.486519200000032 ], [ 61.706667300000049, 31.375896 ], [ 61.778384900000049, 31.302269400000057 ] ] ] ] } },
{ "type": "Feature", "properties": { "Shape_Leng": 18.194718997700001, "Shape_Area": 14.4016463279, "ADM1_EN": "South Khorasan", "ADM1_FA": "خراسان جنوبی", "ADM1_PCODE": "IR027", "ADM1_REF": null, "ADM1ALT1EN": null, "ADM1ALT2EN": null, "ADM1ALT1FA": null, "ADM1ALT2FA": null, "ADM0_EN": "Iran (Islamic Republic of)", "ADM0_FA": "ایران (جمهوری اسلامی)", "ADM0_PCODE": "IR", "date": "2019-04-09T00:00:00", "validOn": "2019-05-14T00:00:00", "validTo": null }, "geometry": { "type": "Polygon", "coordinates": [ [ [ 57.271540800000082, 35.094962700000053 ], [ 57.546277499000041, 35.063851800000066 ], [ 57.572943500000065, 35.000103900000056 ], [ 57.70433520000006, 34.926068500000042 ], [ 57.786007300000051, 34.82384490000004 ], [ 57.702114800000061, 34.774395 ], [ 57.556690100000083, 34.598 ], [ 57.640448700000036, 34.520505799000034 ], [ 57.694334300000037, 34.42855110000005 ], [ 57.757393300000047, 34.378835700000025 ], [ 57.749440500000048, 34.366809400000079 ], [ 57.766006700000048, 34.347159399000077 ], [ 57.814899500000081, 34.326889699000048 ], [ 57.916011300000036, 34.32161 ], [ 58.035183200000063, 34.239103100000079 ], [ 58.071022600000049, 34.234942400000079 ], [ 58.189081101000056, 34.241602901000078 ], [ 58.26408710000004, 34.321329700000035 ], [ 58.320199700000046, 34.314660300000071 ], [ 58.370726700000034, 34.289305500000069 ], [ 58.396871600000054, 34.224932900000056 ], [ 58.439651400000059, 34.19466170000004 ], [ 58.465204100000051, 34.127439100000061 ], [ 58.636321700000053, 34.021600100000057 ], [ 58.705774501000064, 34.099937 ], [ 58.785773400000039, 34.081876100000045 ], [ 58.863832500000058, 34.114378100000067 ], [ 58.979670800000065, 34.094656500000042 ], [ 59.044123600000034, 34.123818700000072 ], [ 59.162462, 34.119098100000031 ], [ 59.259407400000043, 34.14992970000003 ], [ 59.347193, 34.107986900000071 ], [ 59.53609060000008, 34.104096401000049 ], [ 59.610536, 34.015487500000063 ], [ 59.991284900000039, 34.004841 ], [ 60.08805620000004, 33.927704600000027 ], [ 60.144168599000068, 33.856312 ], [ 60.183061501000054, 33.866873400000031 ], [ 60.334460301000036, 33.983821600000056 ], [ 60.53307600100004, 34.000249499000063 ], [ 60.582213499000034, 33.805443700000069 ], [ 60.546893700000055, 33.731409500000041 ], [ 60.551463599000044, 33.640029600000048 ], [ 60.581277300000067, 33.597023300000046 ], [ 60.703418200000044, 33.54552 ], [ 60.90279520100006, 33.539966500000048 ], [ 60.945903501000032, 33.51349440000007 ], [ 60.928707800000041, 33.497203300000024 ], [ 60.882486400000062, 33.505243599000039 ], [ 60.850923100000045, 33.48200120000007 ], [ 60.866483600000038, 33.421487 ], [ 60.82435490000006, 33.399798 ], [ 60.634054800000058, 33.228141200000039 ], [ 60.58337750000004, 33.129904500000066 ], [ 60.629413900000031, 33.021233400000028 ], [ 60.709581400000047, 32.69585550000005 ], [ 60.814770999000075, 32.481294800000057 ], [ 60.882921, 32.197736 ], [ 60.815966800000069, 32.026539300000024 ], [ 60.832519, 31.979859 ], [ 60.813483500000075, 31.70870130000003 ], [ 60.857531400000028, 31.466535899000064 ], [ 60.835584700000027, 31.414038400000038 ], [ 60.754192300000057, 31.337086200000044 ], [ 60.658353600000055, 31.285972400000048 ], [ 60.368063900000038, 31.214864799000054 ], [ 60.248611800000049, 31.124305700000036 ], [ 60.299171001000047, 31.022637899000074 ], [ 60.249998100000028, 30.993193700000063 ], [ 60.224718200000041, 30.953189200000054 ], [ 60.165552600000069, 30.931526500000075 ], [ 59.977488500000049, 30.919856200000027 ], [ 59.951928500000065, 30.882353300000034 ], [ 59.934155200000077, 30.753187700000069 ], [ 59.785257301000058, 30.663189700000032 ], [ 59.463574701000027, 30.516794600000026 ], [ 59.193839300000036, 30.816800700000044 ], [ 59.078561200000081, 30.907916600000078 ], [ 59.074114800000075, 30.985695300000032 ], [ 59.058555200000058, 31.008478 ], [ 58.780492999000046, 31.15541550100005 ], [ 58.389919200000065, 31.476544100000069 ], [ 58.23435470000004, 31.579880800000069 ], [ 58.078237100000081, 31.658771200000047 ], [ 57.94434559900003, 31.710712600000079 ], [ 57.533491500000082, 31.823491100000069 ], [ 57.102637400000049, 31.899605200000053 ], [ 56.939576600000066, 31.954050299000073 ], [ 56.773458700000049, 31.955720800000051 ], [ 56.604837800000041, 31.922106001000031 ], [ 56.596781200000066, 31.999611400000049 ], [ 56.653450600000042, 32.087383900000077 ], [ 56.543725600000073, 32.231563701000027 ], [ 56.362328400000081, 32.405731900000035 ], [ 56.24037670000007, 32.576569100000029 ], [ 56.085648800000058, 32.68184320000006 ], [ 55.972033800000077, 32.73963119900003 ], [ 55.835915700000044, 32.767125700000065 ], [ 55.782303100000036, 32.815188800000044 ], [ 55.682021301000077, 32.937688600000058 ], [ 55.66729809900005, 32.998797701000058 ], [ 55.511733700000036, 33.251579400000026 ], [ 55.386452, 33.364923600000054 ], [ 55.497844, 33.529091901000072 ], [ 55.478678200000047, 34.251885400000049 ], [ 55.581183600000031, 34.239385500000026 ], [ 55.919532700000047, 34.24577510000006 ], [ 55.995368600000063, 34.380218300000024 ], [ 56.227973600000041, 34.710417200000052 ], [ 56.383997500000078, 34.685227100000077 ], [ 56.487893, 34.690225600000076 ], [ 56.73985009900008, 34.782732700000054 ], [ 56.849575700000059, 34.914955401000043 ], [ 56.844298800000047, 34.935235100000057 ], [ 56.819852601000036, 34.939123300000062 ], [ 56.864575400000035, 34.974404500000048 ], [ 57.000693900000044, 34.998011800000029 ], [ 57.15903540100004, 35.077184200000033 ], [ 57.271540800000082, 35.094962700000053 ] ] ] } },
{ "type": "Feature", "properties": { "Shape_Leng": 8.2610771879900007, "Shape_Area": 1.3532618991000001, "ADM1_EN": "Tehran", "ADM1_FA": "تهران", "ADM1_PCODE": "IR028", "ADM1_REF": null, "ADM1ALT1EN": null, "ADM1ALT2EN": null, "ADM1ALT1FA": null, "ADM1ALT2FA": null, "ADM0_EN": "Iran (Islamic Republic of)", "ADM0_FA": "ایران (جمهوری اسلامی)", "ADM0_PCODE": "IR", "date": "2019-04-09T00:00:00", "validOn": "2019-05-14T00:00:00", "validTo": null }, "geometry": { "type": "Polygon", "coordinates": [ [ [ 51.45929650000005, 36.140099500000076 ], [ 51.769892200000072, 36.000227100000075 ], [ 51.882121100000063, 35.857199500000036 ], [ 52.072685600000057, 35.76331730000004 ], [ 52.23741380000007, 35.769699699000057 ], [ 52.292139900000052, 35.815537500000062 ], [ 52.37825550000008, 35.848591700000043 ], [ 52.435758100000044, 35.912208900000053 ], [ 52.567986400000052, 35.943313 ], [ 52.704938300000038, 35.928036100000043 ], [ 52.936892300000068, 35.833872300000053 ], [ 52.987451700000065, 35.83554 ], [ 53.017451400000027, 35.853594601000054 ], [ 53.041064399000049, 35.822199299000033 ], [ 53.139679900000033, 35.818174500000055 ], [ 53.156069800000068, 35.79609430000005 ], [ 53.020508100000029, 35.710815500000024 ], [ 52.995785, 35.678865600000051 ], [ 52.899112800000069, 35.64192009900006 ], [ 52.801054, 35.549415100000033 ], [ 52.697715300000027, 35.551921600000071 ], [ 52.637712601000032, 35.508308200000045 ], [ 52.555207, 35.411914100000047 ], [ 52.421868700000061, 35.366076500000077 ], [ 52.380199100000027, 35.337462001000063 ], [ 52.257693700000061, 35.440526401000056 ], [ 52.03518310000004, 35.493583200000046 ], [ 51.985736899000074, 35.575526 ], [ 51.957957200000067, 35.578023500000029 ], [ 51.929624199000045, 35.558584300000064 ], [ 51.912401300000056, 35.414411500000028 ], [ 51.943929100000048, 35.361302100000046 ], [ 51.917939200000035, 35.348220800000036 ], [ 51.872955200000035, 35.278300701000035 ], [ 51.954901, 35.15079680000008 ], [ 52.03463030000006, 35.090517100000056 ], [ 52.044630200000029, 35.04968260000004 ], [ 52.001570701000048, 34.918564700000047 ], [ 51.964904600000068, 34.865238700000077 ], [ 51.733227200000044, 35.001629800000046 ], [ 51.599328900000046, 35.017731599000058 ], [ 51.581552400000078, 35.048852200000056 ], [ 51.48877, 35.10690610000006 ], [ 51.14514070000007, 35.18051550000007 ], [ 51.090974699000071, 35.174409199000024 ], [ 51.012359100000026, 35.138015100000075 ], [ 50.86929740000005, 35.159689100000037 ], [ 50.849009300000034, 35.173028600000066 ], [ 50.890687, 35.227460400000041 ], [ 50.956799300000057, 35.397466401000031 ], [ 50.966522400000031, 35.435529600000052 ], [ 50.952355900000043, 35.452752800000042 ], [ 50.875360599000032, 35.485252 ], [ 50.76762460100008, 35.486918499000069 ], [ 50.625949400000081, 35.547474700000066 ], [ 50.353439300000048, 35.570529300000032 ], [ 50.373395, 35.592249500000037 ], [ 50.372267600000043, 35.618929800000046 ], [ 50.397021400000028, 35.638353600000073 ], [ 50.686646400000029, 35.670767900000044 ], [ 50.740954500000043, 35.693315299000062 ], [ 50.886519500000077, 35.714419900000053 ], [ 50.914197300000069, 35.689837001000058 ], [ 50.943591600000047, 35.723136300000078 ], [ 51.00247, 35.695036900000048 ], [ 50.994228500000077, 35.720944699000029 ], [ 51.027812900000072, 35.742413699000053 ], [ 51.086250500000062, 35.719982301000073 ], [ 51.114473401000055, 35.730463800000052 ], [ 51.089009900000065, 35.742834600000037 ], [ 51.094193700000062, 35.757769300000064 ], [ 51.108259900000064, 35.751763701000073 ], [ 51.092917, 35.808586600000069 ], [ 51.243201700000043, 35.939977200000044 ], [ 51.413070700000048, 35.893106800000055 ], [ 51.406543099000032, 35.977209 ], [ 51.456822500000044, 36.060823800000037 ], [ 51.45929650000005, 36.140099500000076 ] ] ] } },
{ "type": "Feature", "properties": { "Shape_Leng": 18.768277034099999, "Shape_Area": 3.7854773615199999, "ADM1_EN": "West Azerbaijan", "ADM1_FA": "آذربایجان غربی", "ADM1_PCODE": "IR029", "ADM1_REF": null, "ADM1ALT1EN": null, "ADM1ALT2EN": null, "ADM1ALT1FA": null, "ADM1ALT2FA": null, "ADM0_EN": "Iran (Islamic Republic of)", "ADM0_FA": "ایران (جمهوری اسلامی)", "ADM0_PCODE": "IR", "date": "2019-04-09T00:00:00", "validOn": "2019-05-14T00:00:00", "validTo": null }, "geometry": { "type": "Polygon", "coordinates": [ [ [ 44.613337900000033, 39.781650199000069 ], [ 44.661748900000077, 39.71814 ], [ 44.715082900000027, 39.714277600000059 ], [ 44.741841, 39.693733800000075 ], [ 44.821914400000026, 39.611269700000037 ], [ 44.855822899000032, 39.60225470000006 ], [ 44.875520100000074, 39.615209200000038 ], [ 44.876024700000073, 39.593006401000025 ], [ 44.897205800000052, 39.605233100000078 ], [ 44.888329600000077, 39.581724799000028 ], [ 44.915748700000051, 39.565996099000074 ], [ 44.909771600000056, 39.52507120000007 ], [ 44.951849800000048, 39.492168700000036 ], [ 44.93784370000003, 39.487484700000039 ], [ 44.950842499000032, 39.484092800000042 ], [ 44.936909100000037, 39.480714100000057 ], [ 44.948473400000069, 39.471542200000044 ], [ 44.939928400000042, 39.459659 ], [ 44.977179800000044, 39.448774300000025 ], [ 44.960807901000067, 39.442158300000074 ], [ 44.964559699000063, 39.421841 ], [ 45.021813, 39.404428300000063 ], [ 45.086703700000044, 39.351247200000046 ], [ 45.080320800000038, 39.333570700000053 ], [ 45.101331500000072, 39.333318100000042 ], [ 45.128600300000073, 39.301273800000047 ], [ 45.11781940000003, 39.286835400000029 ], [ 45.141981400000077, 39.284470600000077 ], [ 45.152932200000066, 39.216350600000055 ], [ 45.184770800000081, 39.220522900000049 ], [ 45.247629600000039, 39.185600300000033 ], [ 45.316612999000029, 39.19849750000003 ], [ 45.327581200000054, 39.185903300000064 ], [ 45.304239900000027, 39.166023 ], [ 45.349781300000075, 39.17057370100008 ], [ 45.363165301000038, 39.15085810000005 ], [ 45.354687600000034, 39.126394400000038 ], [ 45.402411100000052, 39.091673600000036 ], [ 45.403084300000046, 39.07277920000007 ], [ 45.456903399000055, 39.051128300000073 ], [ 45.43688990000004, 39.011778401000072 ], [ 45.45290470100008, 38.992996499000071 ], [ 45.377907400000026, 38.962551899000061 ], [ 45.329295, 38.892270500000052 ], [ 45.265126500000065, 38.853931700000032 ], [ 45.275683700000059, 38.731987700000047 ], [ 45.233457200000032, 38.665039999000044 ], [ 45.253461, 38.645319400000062 ], [ 45.262351299000045, 38.590040100000067 ], [ 45.292907799000034, 38.533929099000034 ], [ 45.339577, 38.486423100000025 ], [ 45.26985140000005, 38.441705200000058 ], [ 45.210402500000043, 38.430031100000065 ], [ 45.171789399000033, 38.38809260000005 ], [ 45.096510500000079, 38.349195300000076 ], [ 45.082064201000037, 38.332534600000031 ], [ 45.103177300000027, 38.263640900000041 ], [ 45.047584701000062, 38.238794200000029 ], [ 45.053322700000081, 38.211179900000047 ], [ 45.026401500000077, 38.195742400000029 ], [ 45.039125499000079, 38.179797201000042 ], [ 45.016229200000055, 38.18085810000008 ], [ 45.000631400000032, 38.146054400000025 ], [ 45.063271, 38.120272700000044 ], [ 45.109590799000046, 38.153946500000075 ], [ 45.121074800000031, 38.121543600000052 ], [ 45.144245299000033, 38.115633900000034 ], [ 45.164421800000071, 38.161260800000036 ], [ 45.171576899000058, 38.129128201000071 ], [ 45.205896500000051, 38.122774800000059 ], [ 45.189659300000073, 38.034700300000054 ], [ 45.061930199000074, 37.987588200000062 ], [ 45.044843599000046, 37.920294600000034 ], [ 45.085399700000039, 37.846407001000046 ], [ 45.210964899000032, 37.796505100000047 ], [ 45.260657399000081, 37.748011100000042 ], [ 45.265231100000051, 37.696120499000074 ], [ 45.232629700000075, 37.652790800000048 ], [ 45.268933300000072, 37.618406200000038 ], [ 45.255966400000034, 37.596955800000046 ], [ 45.283465700000079, 37.55667470000003 ], [ 45.26365270000008, 37.48991060000003 ], [ 45.296468100000027, 37.454077700000028 ], [ 45.31947660000003, 37.381154600000059 ], [ 45.285403900000063, 37.356888800000036 ], [ 45.307586300000025, 37.321261400000026 ], [ 45.304966, 37.284783600000026 ], [ 45.320214500000077, 37.251337 ], [ 45.343009900000027, 37.243069400000024 ], [ 45.351250200000038, 37.201942100000053 ], [ 45.400650600000063, 37.186972100000048 ], [ 45.463436899000044, 37.104313900000079 ], [ 45.501352300000065, 37.107013600000073 ], [ 45.529733600000043, 37.128475199000036 ], [ 45.529832100000078, 37.103380400000049 ], [ 45.574443500000029, 37.081238099000075 ], [ 45.58606350000008, 37.047132100000056 ], [ 45.608412200000032, 37.046138900000074 ], [ 45.628600300000073, 37.067629400000044 ], [ 45.660510500000044, 37.06502449900006 ], [ 45.67614, 37.088468700000078 ], [ 45.650742100000059, 37.133403500000043 ], [ 45.68265229900004, 37.160755100000074 ], [ 45.702840399000081, 37.224575600000037 ], [ 45.780889599000034, 37.228470999000024 ], [ 45.752379400000052, 37.182227100000034 ], [ 45.851828500000067, 37.16278090000003 ], [ 45.926834, 37.170835100000033 ], [ 46.004613200000051, 37.15056050000004 ], [ 46.056283400000041, 37.088058600000068 ], [ 46.175456, 36.995551199000033 ], [ 46.177402200000074, 36.955269899000029 ], [ 46.198792600000047, 36.944440800000052 ], [ 46.243515400000035, 36.970275700000059 ], [ 46.286294400000031, 36.971671100000037 ], [ 46.41241240100004, 37.056388100000049 ], [ 46.447691900000052, 37.10138870000003 ], [ 46.496028200000069, 37.091947900000036 ], [ 46.494914899000037, 37.064722700000061 ], [ 46.459915900000055, 37.042779500000051 ], [ 46.460748701000057, 37.020277699000076 ], [ 46.642147200000068, 37.041114900000025 ], [ 46.709369600000059, 37.072499401000073 ], [ 46.801901400000077, 37.049297100000047 ], [ 46.862711500000046, 36.999729701000035 ], [ 46.83187810000004, 36.976110200000051 ], [ 46.842712200000051, 36.927500999000074 ], [ 46.898824500000046, 36.894715100000042 ], [ 46.877992499000072, 36.779997300000048 ], [ 46.946605100000056, 36.749437900000032 ], [ 46.997997500000054, 36.745278100000064 ], [ 47.036887200000081, 36.801381500000048 ], [ 47.09633610000003, 36.831110800000033 ], [ 47.137448600000027, 36.83305560000008 ], [ 47.213008499000068, 36.73360910100007 ], [ 47.291344801000037, 36.686379800000054 ], [ 47.329401300000029, 36.610824900000068 ], [ 47.371351300000072, 36.438876300000061 ], [ 47.365795200000036, 36.38693580100005 ], [ 47.392185, 36.334433700000034 ], [ 47.32301590000003, 36.256926500000077 ], [ 47.189954500000056, 36.241654400000073 ], [ 47.080502, 36.250817200000029 ], [ 47.017998901000055, 36.31915360000005 ], [ 46.921606900000029, 36.322765900000036 ], [ 46.897160100000065, 36.383043 ], [ 46.853823900000066, 36.412211500000069 ], [ 46.812157400000046, 36.408319900000038 ], [ 46.788820900000076, 36.426930399000071 ], [ 46.75604129900006, 36.405536300000051 ], [ 46.729651700000034, 36.415544100000034 ], [ 46.674372500000061, 36.396095400000036 ], [ 46.459638100000063, 36.416372100000046 ], [ 46.416859099000078, 36.385816299000055 ], [ 46.322133700000052, 36.377483300000051 ], [ 46.280187500000068, 36.388041 ], [ 46.199627600000042, 36.454429399000048 ], [ 46.116845400000045, 36.45998680100007 ], [ 45.992396700000029, 36.424982400000033 ], [ 45.954060900000059, 36.393318800000031 ], [ 45.98461750000007, 36.281086500000072 ], [ 45.955171800000073, 36.243588200000033 ], [ 45.830166100000042, 36.219143700000075 ], [ 45.699328100000059, 36.235532700000078 ], [ 45.674324500000068, 36.213863300000071 ], [ 45.679605300000048, 36.172478600000034 ], [ 45.641268700000069, 36.13886830000007 ], [ 45.674605499000052, 36.107753 ], [ 45.554596900000035, 36.07414 ], [ 45.55797429900008, 35.995102700000075 ], [ 45.439923300000032, 35.998964700000045 ], [ 45.39337960000006, 35.966994800000066 ], [ 45.348510299000054, 35.978578200000072 ], [ 45.341761, 36.008539 ], [ 45.381363001000068, 36.08418000100005 ], [ 45.327046, 36.139867 ], [ 45.316386, 36.183547 ], [ 45.336647, 36.202212 ], [ 45.330546, 36.21401699900008 ], [ 45.312404, 36.238424 ], [ 45.265754, 36.253206 ], [ 45.304553, 36.273747 ], [ 45.260964, 36.301289 ], [ 45.283314, 36.336817 ], [ 45.272404, 36.393518 ], [ 45.236723, 36.434077001000048 ], [ 45.154783, 36.417016 ], [ 45.149108, 36.404341 ], [ 45.081587, 36.42549 ], [ 45.053896, 36.506649 ], [ 45.012812, 36.519441 ], [ 45.001556, 36.538382 ], [ 45.037641, 36.560903 ], [ 45.026885, 36.603785 ], [ 45.070317, 36.630452999000056 ], [ 45.057093, 36.702536 ], [ 45.012914, 36.753236 ], [ 44.972408999000038, 36.749348 ], [ 44.940179, 36.785928 ], [ 44.858223, 36.773116 ], [ 44.836814, 36.797129 ], [ 44.839278, 36.817001 ], [ 44.86684, 36.831883 ], [ 44.861329999000077, 36.846348 ], [ 44.903699, 36.86141 ], [ 44.912415, 36.917008999000075 ], [ 44.882687001000079, 36.954349 ], [ 44.905552, 37.009779 ], [ 44.854548, 37.04709 ], [ 44.807265, 37.044148 ], [ 44.799062, 37.067520999000067 ], [ 44.777722999000048, 37.075655999000048 ], [ 44.783908, 37.092362 ], [ 44.749666, 37.112879 ], [ 44.784929400000067, 37.145086200000037 ], [ 44.757567900000026, 37.228341199000056 ], [ 44.814586, 37.27806 ], [ 44.799184, 37.310113001000047 ], [ 44.732434, 37.342232 ], [ 44.721473100000026, 37.37569330000008 ], [ 44.65736830000003, 37.385904800000048 ], [ 44.630891, 37.431615 ], [ 44.579829300000029, 37.447605900000042 ], [ 44.58501890000008, 37.507376800000031 ], [ 44.613059, 37.545595 ], [ 44.598903501000052, 37.58076599900005 ], [ 44.614409, 37.602176 ], [ 44.56816, 37.644762 ], [ 44.625487900000053, 37.706647400000065 ], [ 44.620622500000081, 37.727020200000027 ], [ 44.554571800000076, 37.780625800000053 ], [ 44.444950600000027, 37.770917100000077 ], [ 44.448376900000028, 37.806585400000074 ], [ 44.423752901000057, 37.799449 ], [ 44.39444670000006, 37.823060800000064 ], [ 44.404986, 37.84700299900004 ], [ 44.388189, 37.862511 ], [ 44.319336500000077, 37.877083699000025 ], [ 44.26739770000006, 37.867305100000067 ], [ 44.222745800000041, 37.888239200000044 ], [ 44.251232, 37.943370400000049 ], [ 44.240712700000074, 37.965056400000037 ], [ 44.301323100000047, 38.032534500000054 ], [ 44.302624399000081, 38.054744300000038 ], [ 44.321109900000067, 38.063289799000074 ], [ 44.311362, 38.07289430000003 ], [ 44.32857690000003, 38.078628600000059 ], [ 44.329364499000064, 38.098353 ], [ 44.364508599000033, 38.103908500000045 ], [ 44.351180900000031, 38.134994200000051 ], [ 44.392693400000041, 38.146443101000045 ], [ 44.411739600000033, 38.219510100000036 ], [ 44.402268500000048, 38.252000300000077 ], [ 44.492951, 38.303696400000035 ], [ 44.512531400000057, 38.341259800000046 ], [ 44.462719800000059, 38.359406600000057 ], [ 44.449371201000076, 38.385492100000079 ], [ 44.379645100000062, 38.358591499000056 ], [ 44.361927899000079, 38.375256100000058 ], [ 44.319436100000075, 38.372842301000048 ], [ 44.299987, 38.39416760000006 ], [ 44.319831800000031, 38.408605600000044 ], [ 44.301938300000074, 38.447228500000051 ], [ 44.325460100000043, 38.502081 ], [ 44.309335600000054, 38.530246400000067 ], [ 44.32161990000003, 38.624092400000052 ], [ 44.272118500000033, 38.64624770000006 ], [ 44.282641400000045, 38.674969 ], [ 44.254067301000077, 38.718334 ], [ 44.280147300000067, 38.732924700000069 ], [ 44.28649820000004, 38.78310410000006 ], [ 44.314819500000056, 38.808795100000054 ], [ 44.295026700000051, 38.826325101000066 ], [ 44.300987900000052, 38.840801700000043 ], [ 44.245308, 38.850682100000029 ], [ 44.24545530000006, 38.870217500000081 ], [ 44.211351800000045, 38.89055710000008 ], [ 44.218830901000047, 38.916775500000028 ], [ 44.18971520000008, 38.934027300000025 ], [ 44.200241700000049, 38.948008700000059 ], [ 44.18025950100008, 38.95606760000004 ], [ 44.191425200000026, 38.974681900000064 ], [ 44.171794099000067, 38.991790700000024 ], [ 44.211677001000055, 39.020950300000038 ], [ 44.190866500000027, 39.074591301000055 ], [ 44.22591, 39.095049900000049 ], [ 44.207592400000067, 39.114085400000079 ], [ 44.213565500000072, 39.130304500000079 ], [ 44.166380700000047, 39.177624500000036 ], [ 44.097256600000037, 39.204491700000062 ], [ 44.10323070000004, 39.24257330000006 ], [ 44.084306500000025, 39.256021700000076 ], [ 44.108059600000047, 39.284296600000062 ], [ 44.08125129900003, 39.294127500000059 ], [ 44.073218300000065, 39.335624200000041 ], [ 44.031890800000042, 39.371725900000058 ], [ 44.07108930000004, 39.412342500000079 ], [ 44.130104900000049, 39.405409200000065 ], [ 44.130140500000039, 39.389644100000055 ], [ 44.233121801000038, 39.415536100000054 ], [ 44.295200300000033, 39.375258101000043 ], [ 44.377021100000036, 39.41163750000004 ], [ 44.421957100000043, 39.411603900000046 ], [ 44.432857200000058, 39.442725100000075 ], [ 44.408433900000034, 39.47114920000007 ], [ 44.440367, 39.505069 ], [ 44.416204, 39.55644 ], [ 44.480148, 39.610424 ], [ 44.487663, 39.642549 ], [ 44.467197400000032, 39.68410190000003 ], [ 44.613337900000033, 39.781650199000069 ] ] ] } },
{ "type": "Feature", "properties": { "Shape_Leng": 13.645332763400001, "Shape_Area": 7.0278501344800004, "ADM1_EN": "Yazd", "ADM1_FA": "یزد", "ADM1_PCODE": "IR030", "ADM1_REF": null, "ADM1ALT1EN": null, "ADM1ALT2EN": null, "ADM1ALT1FA": null, "ADM1ALT2FA": null, "ADM0_EN": "Iran (Islamic Republic of)", "ADM0_FA": "ایران (جمهوری اسلامی)", "ADM0_PCODE": "IR", "date": "2019-04-09T00:00:00", "validOn": "2019-05-14T00:00:00", "validTo": null }, "geometry": { "type": "Polygon", "coordinates": [ [ [ 55.388118700000064, 33.364363800000035 ], [ 55.511733700000036, 33.251579400000026 ], [ 55.66729809900005, 32.998797701000058 ], [ 55.686187800000027, 32.931025 ], [ 55.807579500000031, 32.787405599000067 ], [ 55.876471800000047, 32.753238500000066 ], [ 55.972033800000077, 32.73963119900003 ], [ 56.221487, 32.593788201000052 ], [ 56.362328400000081, 32.405731900000035 ], [ 56.591228200000046, 32.174055899000052 ], [ 56.654563900000028, 32.081280100000072 ], [ 56.596781200000066, 31.999611400000049 ], [ 56.60650430000004, 31.868212100000051 ], [ 56.57928110000006, 31.711544900000035 ], [ 56.538725, 31.707662700000071 ], [ 56.25565540000008, 31.553493500000059 ], [ 56.160502200000053, 31.552608300000031 ], [ 56.121195300000068, 31.590671200000031 ], [ 56.035088500000029, 31.570430700000031 ], [ 56.012865200000078, 31.464873700000055 ], [ 55.963976100000082, 31.43071180000004 ], [ 55.926753100000042, 31.367372800000055 ], [ 55.740075600000068, 31.27459650000003 ], [ 55.600904200000059, 31.243759200000056 ], [ 55.399507, 31.151817701000027 ], [ 54.943373300000076, 31.027645800000073 ], [ 54.711696599000049, 31.065981800000031 ], [ 54.533355800000038, 31.014313701000049 ], [ 54.559468600000059, 30.58263240000008 ], [ 54.480019700000071, 30.478466100000048 ], [ 54.336681800000065, 30.380965500000059 ], [ 54.54502210000004, 30.189293900000052 ], [ 54.541132, 29.891781600000058 ], [ 54.561968401000058, 29.627056400000072 ], [ 54.472243, 29.640953700000068 ], [ 54.242786401000046, 29.596223300000077 ], [ 54.103058500000031, 29.79289650000004 ], [ 54.08916860000005, 29.853734800000041 ], [ 54.098058499000047, 29.938453300000049 ], [ 54.047222599000065, 29.990954100000067 ], [ 53.939997600000027, 30.061517800000047 ], [ 53.864158600000053, 30.193741900000077 ], [ 53.926107800000068, 30.349014100000034 ], [ 53.898604700000078, 30.445682500000032 ], [ 53.929161, 30.557075400000031 ], [ 53.879438400000026, 30.630138 ], [ 53.734987, 30.689025300000026 ], [ 53.458584400000063, 30.737363800000026 ], [ 53.377472100000034, 30.825416100000041 ], [ 53.034956900000054, 30.996531499000071 ], [ 52.969397900000047, 31.014593400000024 ], [ 52.911895300000026, 31.121261700000048 ], [ 52.833556400000077, 31.179043400000069 ], [ 52.850502801000061, 31.21431240000004 ], [ 52.945784701000036, 31.240988 ], [ 52.971617800000047, 31.277088501000037 ], [ 52.978287600000044, 31.322650399000054 ], [ 52.950784600000077, 31.389879499000074 ], [ 52.848559299000044, 31.447648800000024 ], [ 52.801045725000051, 31.494852918000049 ], [ 52.997730600000068, 31.49626470000004 ], [ 53.135515200000043, 31.542380500000036 ], [ 53.203574350000054, 31.59029815100007 ], [ 53.140238500000066, 31.680433600000072 ], [ 53.053013100000044, 31.745990300000074 ], [ 53.009677, 31.854606600000068 ], [ 53.042456401000038, 31.989888200000053 ], [ 53.058846, 32.332115900000076 ], [ 53.051066001000038, 32.414617700000065 ], [ 53.010924800000055, 32.508930250000049 ], [ 53.186627400000077, 32.617680900000039 ], [ 53.462473700000032, 32.69518030100005 ], [ 53.842492, 32.686015500000053 ], [ 53.941384, 32.798801199000025 ], [ 54.163617800000054, 32.865744300000074 ], [ 54.224177100000077, 32.898800300000062 ], [ 54.28362300100008, 32.960189700000058 ], [ 54.307512600000052, 33.030192300000067 ], [ 54.348348800000053, 33.052963500000033 ], [ 54.550022800000079, 33.09074970000006 ], [ 54.744753499000069, 33.065748500000041 ], [ 54.790313001000072, 33.117971800000078 ], [ 54.897261600000036, 33.180198700000062 ], [ 54.991710400000045, 33.125745699000049 ], [ 55.104492300000061, 33.236312100000077 ], [ 55.222554100000082, 33.324087999000028 ], [ 55.388118700000064, 33.364363800000035 ] ] ] } },
{ "type": "Feature", "properties": { "Shape_Leng": 8.1605848403899994, "Shape_Area": 2.18801687771, "ADM1_EN": "Zanjan", "ADM1_FA": "زنجان", "ADM1_PCODE": "IR031", "ADM1_REF": null, "ADM1ALT1EN": null, "ADM1ALT2EN": null, "ADM1ALT1FA": null, "ADM1ALT2FA": null, "ADM0_EN": "Iran (Islamic Republic of)", "ADM0_FA": "ایران (جمهوری اسلامی)", "ADM0_PCODE": "IR", "date": "2019-04-09T00:00:00", "validOn": "2019-05-14T00:00:00", "validTo": null }, "geometry": { "type": "Polygon", "coordinates": [ [ [ 48.399450200000047, 37.25168270000006 ], [ 48.423620300000039, 37.240849300000036 ], [ 48.420840200000043, 37.221953201000076 ], [ 48.478066200000058, 37.206953200000044 ], [ 48.478343199000051, 37.180839300000059 ], [ 48.494456, 37.176402900000028 ], [ 48.509179600000039, 37.138345799000035 ], [ 48.546402600000079, 37.135286201000042 ], [ 48.577515500000061, 37.103058700000076 ], [ 48.655854700000077, 37.129175800000041 ], [ 48.737523500000066, 37.185564100000079 ], [ 48.790026300000079, 37.139174300000036 ], [ 48.815306100000043, 37.154176100000029 ], [ 48.86975220000005, 37.14640090000006 ], [ 48.922254900000041, 37.176673700000038 ], [ 48.93197820000006, 37.150288700000033 ], [ 49.05670710000004, 37.054450100000054 ], [ 49.170322799000076, 36.918900300000075 ], [ 49.214492600000028, 36.900832800000046 ], [ 49.231435600000054, 36.85750329900003 ], [ 49.280605200000082, 36.815557800000079 ], [ 49.189148700000032, 36.760753900000054 ], [ 49.157837, 36.778009300000065 ], [ 49.108365700000036, 36.778068700000063 ], [ 49.066486200000043, 36.71918560000006 ], [ 49.061816, 36.680173100000047 ], [ 49.018648700000028, 36.651110500000073 ], [ 48.97559270000005, 36.546100900000056 ], [ 49.060595400000068, 36.495824900000059 ], [ 49.109765, 36.433601399000054 ], [ 49.191157499000042, 36.428602200000057 ], [ 49.277553200000057, 36.388327100000026 ], [ 49.33699929900007, 36.389435200000037 ], [ 49.370888901000058, 36.338599900000077 ], [ 49.424781900000028, 36.326383900000053 ], [ 49.391168800000059, 36.268039700000031 ], [ 49.433671899000046, 36.193040500000052 ], [ 49.410892200000035, 36.13665160000005 ], [ 49.412835700000073, 36.07387 ], [ 49.353946800000074, 36.00498250000004 ], [ 49.294220600000074, 35.973592101000065 ], [ 49.208938300000057, 35.982207900000049 ], [ 49.151712600000053, 35.929978800000072 ], [ 49.071710100000075, 35.923867800000039 ], [ 49.075876799000071, 35.889978100000064 ], [ 49.052263801000038, 35.878035200000056 ], [ 48.934201801000029, 35.930537300000026 ], [ 48.903368500000056, 35.982477700000061 ], [ 48.787253400000054, 35.887201400000038 ], [ 48.724471200000039, 35.751359400000069 ], [ 48.732804900000076, 35.691644301000053 ], [ 48.770031, 35.678581300000076 ], [ 48.775031400000046, 35.601361900000029 ], [ 48.716415500000039, 35.552187201000038 ], [ 48.698638900000049, 35.553025801000047 ], [ 48.669469, 35.59718730000003 ], [ 48.525574200000051, 35.588306100000068 ], [ 48.495018, 35.599972901000058 ], [ 48.483627800000079, 35.645250400000066 ], [ 48.442514800000026, 35.656087 ], [ 48.391678900000045, 35.643023400000061 ], [ 48.296119800000042, 35.680527600000062 ], [ 48.249170200000037, 35.723583800000029 ], [ 48.192501, 35.729145900000049 ], [ 48.173334400000044, 35.788308701000062 ], [ 48.051105600000028, 35.807472800000028 ], [ 47.999992399000064, 35.933032 ], [ 47.909710500000074, 35.889146500000038 ], [ 47.867764300000033, 35.906920700000057 ], [ 47.862207400000045, 35.941359600000055 ], [ 47.98221249900007, 35.971083901000043 ], [ 47.903043600000046, 36.002203899000051 ], [ 47.954989499000078, 36.049977 ], [ 47.994992001000071, 36.139703501000042 ], [ 47.946932100000026, 36.221933400000069 ], [ 47.941932300000076, 36.263595100000032 ], [ 47.956378599000061, 36.28137090000007 ], [ 47.941378600000064, 36.31026380000003 ], [ 47.826926401000037, 36.342209400000058 ], [ 47.782203400000071, 36.371937900000034 ], [ 47.659698500000047, 36.380540600000074 ], [ 47.528302800000063, 36.424986500000045 ], [ 47.403294300000027, 36.413041701000054 ], [ 47.355237599000077, 36.475266800000043 ], [ 47.329401300000029, 36.610824900000068 ], [ 47.291344801000037, 36.686379800000054 ], [ 47.213008499000068, 36.73360910100007 ], [ 47.17411529900005, 36.791667 ], [ 47.302733301000046, 36.897227800000053 ], [ 47.492464399000028, 37.000001200000042 ], [ 47.524133899000049, 37.067227400000036 ], [ 47.59886, 37.037508100000025 ], [ 47.663028999000062, 37.099447800000064 ], [ 47.766087700000071, 37.07639910000006 ], [ 47.778867500000047, 37.132224701000041 ], [ 47.871926300000041, 37.174727700000062 ], [ 47.972485200000051, 37.155281200000047 ], [ 47.999333100000058, 37.112217 ], [ 48.041101200000071, 37.149449900000036 ], [ 48.09971390100003, 37.15583950000007 ], [ 48.150273300000038, 37.221124800000041 ], [ 48.399450200000047, 37.25168270000006 ] ] ] } }
]
}
